{"metadata":{"asset_id":"70e48b2a-5372-46e1-aac2-2100cd7e6f67","asset_attributes":["data_asset"],"name":"fossile_historic.csv","asset_type":"data_asset","created_at":"2021-06-18T14:23:10Z","description":"","origin_country":"us","owner_id":"IBMid-6630023UXW","project_id":"a46c7360-91b7-4276-ad14-c8b826575126","size":884,"tags":[],"usage":{"last_update_time":1624026232038,"last_updated_at":"2021-06-18T14:23:52Z"}},"entity":{"data_asset":{"mime_type":"text/csv","dataset":false,"schema":{"etag":"\"782e91c1d10e3a1ebe6b3d1aceb20ec3\"","valid_since":"Fri, 18 Jun 2021 14:23:09 GMT","fields":[{"name":"iso_code","type":"string","format":"default"},{"name":"country","type":"string","format":"default"},{"name":"year","type":"year","format":"default"},{"name":"fossil_cons_per_capita ","type":"number","format":"default"}]}}},"attachments":[{"id":"e62b684c-b71c-4889-970d-50c256263f3e","version":2,"asset_type":"data_asset","name":"fossile_historic.csv","mime":"text/csv","datasource_type":"193a97c1-4475-4a19-b90c-295c4fdc6517","object_key":"fossile_historic.csv","creator_id":"IBMid-6630023UXW","create_time":1624026191981,"size":884,"is_remote":false,"is_managed":false,"is_referenced":true,"is_object_key_read_only":true,"is_user_provided_path_key":true,"transfer_complete":true,"is_partitioned":false,"complete_time_ticks":1624026191981,"user_data":{},"test_doc":0,"handle":{"bucket":"mldemo-donotdelete-pr-jlcyqctqhjftt9","location":"eu-geo","key":"fossile_historic.csv","upload_id":"done","max_part_num":1},"usage":{"access_count":0,"last_accessor_id":"IBMid-6630023UXW","last_access_time":1624026191981}}]}
