{"metadata":{"asset_id":"c5d0fef0-df55-4c9e-afef-c4c77188e384","asset_attributes":["data_asset"],"name":"Fossil_fuel_forecast.csv","asset_type":"data_asset","created_at":"2021-06-18T07:37:18Z","description":"","origin_country":"us","owner_id":"ce12fa2d-7bab-4dd0-b57b-bf01a27b54ef","project_id":"a46c7360-91b7-4276-ad14-c8b826575126","size":195,"tags":[],"usage":{"last_update_time":1624023731377,"last_updated_at":"2021-06-18T13:42:11Z"}},"entity":{"data_asset":{"mime_type":"text/csv","dataset":false,"schema":{"etag":"\"777dbb37242c9a941977051dde0434c1\"","valid_since":"Fri, 18 Jun 2021 07:37:18 GMT","fields":[{"name":"year","type":"date","format":"default"},{"name":"consumption","type":"number","format":"default"}]}}},"attachments":[{"id":"f666e0f5-d0bd-47b3-9f68-d33a420c9eef","version":2,"asset_type":"data_asset","name":"Fossil_fuel_forecast.csv","mime":"text/csv","datasource_type":"193a97c1-4475-4a19-b90c-295c4fdc6517","object_key":"Fossil_fuel_forecast.csv","creator_id":"ce12fa2d-7bab-4dd0-b57b-bf01a27b54ef","create_time":1624001839169,"size":195,"is_remote":false,"is_managed":false,"is_referenced":true,"is_object_key_read_only":true,"is_user_provided_path_key":true,"transfer_complete":true,"is_partitioned":false,"complete_time_ticks":1624001839169,"user_data":{},"test_doc":0,"handle":{"bucket":"mldemo-donotdelete-pr-jlcyqctqhjftt9","location":"eu-geo","key":"Fossil_fuel_forecast.csv","upload_id":"done","max_part_num":1},"usage":{"access_count":0,"last_accessor_id":"ce12fa2d-7bab-4dd0-b57b-bf01a27b54ef","last_access_time":1624001839169}}]}
