{"metadata":{"asset_id":"22162628-5fe4-484b-a5fa-7c7d64b772f3","asset_attributes":["data_asset"],"name":"Fossil_fuel_forecast.json","asset_type":"data_asset","created_at":"2021-06-18T08:41:20Z","description":"","origin_country":"us","owner_id":"ce12fa2d-7bab-4dd0-b57b-bf01a27b54ef","project_id":"a46c7360-91b7-4276-ad14-c8b826575126","size":271,"tags":[],"usage":{"last_update_time":1624005680955,"last_updated_at":"2021-06-18T08:41:20Z"}},"entity":{"data_asset":{"mime_type":"application/json","dataset":false}},"attachments":[{"id":"1a966c7f-5964-4255-bc63-084bf05c299a","version":2,"asset_type":"data_asset","name":"Fossil_fuel_forecast.json","mime":"application/json","datasource_type":"193a97c1-4475-4a19-b90c-295c4fdc6517","object_key":"Fossil_fuel_forecast.json","creator_id":"ce12fa2d-7bab-4dd0-b57b-bf01a27b54ef","create_time":1624005680955,"size":271,"is_remote":false,"is_managed":false,"is_referenced":true,"is_object_key_read_only":true,"is_user_provided_path_key":true,"transfer_complete":true,"is_partitioned":false,"complete_time_ticks":1624005680955,"user_data":{},"test_doc":0,"handle":{"bucket":"mldemo-donotdelete-pr-jlcyqctqhjftt9","location":"eu-geo","key":"Fossil_fuel_forecast.json","upload_id":"done","max_part_num":1},"usage":{"access_count":0,"last_accessor_id":"ce12fa2d-7bab-4dd0-b57b-bf01a27b54ef","last_access_time":1624005680955}}]}
