{"metadata":{"asset_id":"503f1c4b-c225-40b7-a7e5-c210241ac69a","asset_attributes":["data_asset"],"name":"Co2_fossil_forecast.csv","asset_type":"data_asset","created_at":"2021-06-18T08:13:48Z","description":"","origin_country":"us","owner_id":"ce12fa2d-7bab-4dd0-b57b-bf01a27b54ef","project_id":"a46c7360-91b7-4276-ad14-c8b826575126","size":157,"tags":[],"usage":{"last_update_time":1624031369812,"last_updated_at":"2021-06-18T15:49:29Z"}},"entity":{"data_asset":{"mime_type":"text/csv","dataset":false,"schema":{"etag":"\"53e1a11e99523809a100392758343603\"","valid_since":"Fri, 18 Jun 2021 08:13:47 GMT","fields":[{"name":"year","type":"year","format":"default"},{"name":"CO2_pred","type":"number","format":"default"}]}}},"attachments":[{"id":"96c179d9-8995-47ba-9ecf-4c5af710449c","version":2,"asset_type":"data_asset","name":"Co2_fossil_forecast.csv","mime":"text/csv","datasource_type":"193a97c1-4475-4a19-b90c-295c4fdc6517","object_key":"Co2_fossil_forecast.csv","creator_id":"ce12fa2d-7bab-4dd0-b57b-bf01a27b54ef","create_time":1624004028974,"size":157,"is_remote":false,"is_managed":false,"is_referenced":true,"is_object_key_read_only":true,"is_user_provided_path_key":true,"transfer_complete":true,"is_partitioned":false,"complete_time_ticks":1624004028974,"user_data":{},"test_doc":0,"handle":{"bucket":"mldemo-donotdelete-pr-jlcyqctqhjftt9","location":"eu-geo","key":"Co2_fossil_forecast.csv","upload_id":"done","max_part_num":1},"usage":{"access_count":0,"last_accessor_id":"ce12fa2d-7bab-4dd0-b57b-bf01a27b54ef","last_access_time":1624004028974}}]}
