{"metadata":{"asset_id":"98393d34-5a97-4369-a09c-8f46f1261cc1","asset_attributes":["data_asset"],"name":"co2india.csv","asset_type":"data_asset","created_at":"2021-06-18T07:09:32Z","description":"","origin_country":"us","owner_id":"IBMid-6630023UXW","project_id":"a46c7360-91b7-4276-ad14-c8b826575126","size":36813,"tags":[],"usage":{"last_update_time":1624000174633,"last_updated_at":"2021-06-18T07:09:34Z"}},"entity":{"data_asset":{"mime_type":"text/csv","dataset":false}},"attachments":[{"id":"3df0c1a9-4299-457e-a6db-f9f4b7f10449","version":2,"asset_type":"data_asset","name":"co2india.csv","mime":"text/csv","datasource_type":"193a97c1-4475-4a19-b90c-295c4fdc6517","object_key":"co2india.csv","creator_id":"IBMid-6630023UXW","create_time":1624000174632,"size":36813,"is_remote":false,"is_managed":false,"is_referenced":true,"is_object_key_read_only":true,"is_user_provided_path_key":true,"transfer_complete":true,"is_partitioned":false,"complete_time_ticks":1624000174632,"user_data":{},"test_doc":0,"handle":{"bucket":"mldemo-donotdelete-pr-jlcyqctqhjftt9","location":"eu-geo","key":"co2india.csv","upload_id":"done","max_part_num":1},"usage":{"access_count":0,"last_accessor_id":"IBMid-6630023UXW","last_access_time":1624000174632}}]}
