{"metadata":{"asset_id":"6c7f7de2-18c4-4f0f-bcc1-c0cc5621fa35","asset_attributes":["data_asset"],"name":"india_data.csv","asset_type":"data_asset","created_at":"2021-06-16T08:14:05Z","description":"","origin_country":"us","owner_id":"IBMid-6630023UXW","project_id":"a46c7360-91b7-4276-ad14-c8b826575126","size":53812,"tags":[],"usage":{"last_update_time":1623831247192,"last_updated_at":"2021-06-16T08:14:07Z"}},"entity":{"data_asset":{"mime_type":"text/csv","dataset":false}},"attachments":[{"id":"10a0d525-5052-4c08-8072-b896e4cf3e6c","version":2,"asset_type":"data_asset","name":"india_data.csv","mime":"text/csv","datasource_type":"193a97c1-4475-4a19-b90c-295c4fdc6517","object_key":"india_data.csv","creator_id":"IBMid-6630023UXW","create_time":1623831247192,"size":53812,"is_remote":false,"is_managed":false,"is_referenced":true,"is_object_key_read_only":true,"is_user_provided_path_key":true,"transfer_complete":true,"is_partitioned":false,"complete_time_ticks":1623831247192,"user_data":{},"test_doc":0,"handle":{"bucket":"mldemo-donotdelete-pr-jlcyqctqhjftt9","location":"eu-geo","key":"india_data.csv","upload_id":"done","max_part_num":1},"usage":{"access_count":0,"last_accessor_id":"IBMid-6630023UXW","last_access_time":1623831247192}}]}
