{"metadata":{"asset_id":"16c5276a-2343-41c6-8508-7debeb243e2f","asset_attributes":["data_asset"],"name":"renewable_historic.csv","asset_type":"data_asset","created_at":"2021-06-18T15:35:46Z","description":"","origin_country":"us","owner_id":"IBMid-6630023UXW","project_id":"a46c7360-91b7-4276-ad14-c8b826575126","size":1365,"tags":[],"usage":{"last_update_time":1624030604286,"last_updated_at":"2021-06-18T15:36:44Z"}},"entity":{"data_asset":{"mime_type":"text/csv","dataset":false,"schema":{"etag":"\"d3cf0ff1b1b8e2f93548616fbfbb8dac\"","valid_since":"Fri, 18 Jun 2021 15:35:45 GMT","fields":[{"name":"iso_code","type":"string","format":"default"},{"name":"country","type":"string","format":"default"},{"name":"year","type":"year","format":"default"},{"name":"renewables_energy_per_capita","type":"number","format":"default"}]}}},"attachments":[{"id":"8d0cc790-ff95-45e3-8c4d-0380db67a470","version":2,"asset_type":"data_asset","name":"renewable_historic.csv","mime":"text/csv","datasource_type":"193a97c1-4475-4a19-b90c-295c4fdc6517","object_key":"renewable_historic.csv","creator_id":"IBMid-6630023UXW","create_time":1624030547359,"size":1365,"is_remote":false,"is_managed":false,"is_referenced":true,"is_object_key_read_only":true,"is_user_provided_path_key":true,"transfer_complete":true,"is_partitioned":false,"complete_time_ticks":1624030547359,"user_data":{},"test_doc":0,"handle":{"bucket":"mldemo-donotdelete-pr-jlcyqctqhjftt9","location":"eu-geo","key":"renewable_historic.csv","upload_id":"done","max_part_num":1},"usage":{"access_count":0,"last_accessor_id":"IBMid-6630023UXW","last_access_time":1624030547359}}]}
