{"metadata":{"asset_id":"e830b359-2517-469f-952e-d52fb9001e26","asset_attributes":["data_asset"],"name":"Renewable_cons_forecast.csv","asset_type":"data_asset","created_at":"2021-06-18T07:47:58Z","description":"","origin_country":"us","owner_id":"ce12fa2d-7bab-4dd0-b57b-bf01a27b54ef","project_id":"a46c7360-91b7-4276-ad14-c8b826575126","size":205,"tags":[],"usage":{"last_update_time":1624030801678,"last_updated_at":"2021-06-18T15:40:01Z"}},"entity":{"data_asset":{"mime_type":"text/csv","dataset":false,"schema":{"etag":"\"15383c4210b3ed43762faa822d6f03b5\"","valid_since":"Fri, 18 Jun 2021 07:47:57 GMT","fields":[{"name":"year","type":"date","format":"default"},{"name":"Renewable_consumption","type":"number","format":"default"}]}}},"attachments":[{"id":"3ed0cab2-2d21-42cc-b9f6-926ef1a1d984","version":2,"asset_type":"data_asset","name":"Renewable_cons_forecast.csv","mime":"text/csv","datasource_type":"193a97c1-4475-4a19-b90c-295c4fdc6517","object_key":"Renewable_cons_forecast.csv","creator_id":"ce12fa2d-7bab-4dd0-b57b-bf01a27b54ef","create_time":1624002478841,"size":205,"is_remote":false,"is_managed":false,"is_referenced":true,"is_object_key_read_only":true,"is_user_provided_path_key":true,"transfer_complete":true,"is_partitioned":false,"complete_time_ticks":1624002478841,"user_data":{},"test_doc":0,"handle":{"bucket":"mldemo-donotdelete-pr-jlcyqctqhjftt9","location":"eu-geo","key":"Renewable_cons_forecast.csv","upload_id":"done","max_part_num":1},"usage":{"access_count":0,"last_accessor_id":"ce12fa2d-7bab-4dd0-b57b-bf01a27b54ef","last_access_time":1624002478841}}]}
