{"metadata":{"asset_id":"b13e050d-d483-4f49-9271-1982d6365249","asset_attributes":["data_asset"],"name":"co2_historic.csv","asset_type":"data_asset","created_at":"2021-06-18T14:23:03Z","description":"","origin_country":"us","owner_id":"IBMid-6630023UXW","project_id":"a46c7360-91b7-4276-ad14-c8b826575126","size":2667,"tags":[],"usage":{"last_update_time":1624032321747,"last_updated_at":"2021-06-18T16:05:21Z"}},"entity":{"data_asset":{"mime_type":"text/csv","dataset":false,"schema":{"etag":"\"b1304667ecd2d9ccc73eca07607960cb\"","valid_since":"Fri, 18 Jun 2021 14:23:01 GMT","fields":[{"name":"iso_code","type":"string","format":"default"},{"name":"country","type":"string","format":"default"},{"name":"year","type":"year","format":"default"},{"name":"co2_per_capita ","type":"number","format":"default"}]}}},"attachments":[{"id":"c72fc4c8-09e5-45be-ac79-1333e75cdf2f","version":2,"asset_type":"data_asset","name":"co2_historic.csv","mime":"text/csv","datasource_type":"193a97c1-4475-4a19-b90c-295c4fdc6517","object_key":"co2_historic.csv","creator_id":"IBMid-6630023UXW","create_time":1624026185257,"size":2667,"is_remote":false,"is_managed":false,"is_referenced":true,"is_object_key_read_only":true,"is_user_provided_path_key":true,"transfer_complete":true,"is_partitioned":false,"complete_time_ticks":1624026185257,"user_data":{},"test_doc":0,"handle":{"bucket":"mldemo-donotdelete-pr-jlcyqctqhjftt9","location":"eu-geo","key":"co2_historic.csv","upload_id":"done","max_part_num":1},"usage":{"access_count":0,"last_accessor_id":"IBMid-6630023UXW","last_access_time":1624026185257}}]}
