{"metadata":{"asset_id":"fa029116-3823-45e2-af17-75dc8a053ebf","asset_attributes":["notebook"],"name":"Sustainable_Energy","asset_type":"notebook","created_at":"2021-06-16T09:24:45Z","description":"Sustainable Energy Model","origin_country":"us","owner_id":"IBMid-6630023UXW","project_id":"a46c7360-91b7-4276-ad14-c8b826575126","size":207,"tags":["notebook"],"usage":{"last_update_time":1624021711792,"last_updated_at":"2021-06-18T13:08:31Z"}},"entity":{"notebook":{"kernel":{"name":"python3","display_name":"Python 3.7","language":"python"},"originates_from":{"type":"blank"},"runtime":{"environment":"conda2py37-a46c7360-91b7-4276-ad14-c8b826575126"}}},"attachments":[{"id":"bdb85c90-999d-4092-bdbe-87851c182770","version":2,"asset_type":"notebook","name":"attachment for notebook fa029116-3823-45e2-af17-75dc8a053ebf","description":"attachment for notebook fa029116-3823-45e2-af17-75dc8a053ebf","mime":"application/json","datasource_type":"193a97c1-4475-4a19-b90c-295c4fdc6517","object_key":"notebook/Sustainable_Energy_E9ZiixFXN.ipynb","creator_id":"IBMid-6630023UXW","create_time":1623835486076,"size":207,"is_remote":false,"is_managed":false,"is_referenced":true,"is_object_key_read_only":false,"is_user_provided_path_key":true,"transfer_complete":true,"is_partitioned":false,"complete_time_ticks":1623835486076,"user_data":{},"test_doc":0,"handle":{"bucket":"mldemo-donotdelete-pr-jlcyqctqhjftt9","location":"eu-geo","key":"notebook/Sustainable_Energy_E9ZiixFXN.ipynb","upload_id":"done","max_part_num":1},"usage":{"access_count":0,"last_accessor_id":"IBMid-6630023UXW","last_access_time":1623835486076}}]}
