iso_code,country,year,coal_prod_change_pct,coal_prod_change_twh,gas_prod_change_pct,gas_prod_change_twh,oil_prod_change_pct,oil_prod_change_twh,energy_cons_change_pct,energy_cons_change_twh,biofuel_share_elec,biofuel_elec_per_capita,biofuel_cons_change_pct,biofuel_share_energy,biofuel_cons_change_twh,biofuel_consumption,biofuel_cons_per_capita,carbon_intensity_elec,coal_share_elec,coal_cons_change_pct,coal_share_energy,coal_cons_change_twh,coal_consumption,coal_elec_per_capita,coal_cons_per_capita,coal_production,coal_prod_per_capita,electricity_generation,biofuel_electricity,coal_electricity,fossil_electricity,gas_electricity,hydro_electricity,nuclear_electricity,oil_electricity,other_renewable_electricity,other_renewable_exc_biofuel_electricity,renewables_electricity,solar_electricity,wind_electricity,energy_per_gdp,energy_per_capita,fossil_cons_change_pct,fossil_share_energy,fossil_cons_change_twh,fossil_fuel_consumption,fossil_energy_per_capita,fossil_cons_per_capita,fossil_share_elec,gas_share_elec,gas_cons_change_pct,gas_share_energy,gas_cons_change_twh,gas_consumption,gas_elec_per_capita,gas_energy_per_capita,gas_production,gas_prod_per_capita,hydro_share_elec,hydro_cons_change_pct,hydro_share_energy,hydro_cons_change_twh,hydro_consumption,hydro_elec_per_capita,hydro_energy_per_capita,low_carbon_share_elec,low_carbon_electricity,low_carbon_elec_per_capita,low_carbon_cons_change_pct,low_carbon_share_energy,low_carbon_cons_change_twh,low_carbon_consumption,low_carbon_energy_per_capita,nuclear_share_elec,nuclear_cons_change_pct,nuclear_share_energy,nuclear_cons_change_twh,nuclear_consumption,nuclear_elec_per_capita,nuclear_energy_per_capita,oil_share_elec,oil_cons_change_pct,oil_share_energy,oil_cons_change_twh,oil_consumption,oil_elec_per_capita,oil_energy_per_capita,oil_production,oil_prod_per_capita,other_renewables_elec_per_capita,other_renewables_share_elec,other_renewables_cons_change_pct,other_renewables_share_energy,other_renewables_cons_change_twh,other_renewable_consumption,other_renewables_energy_per_capita,per_capita_electricity,population,primary_energy_consumption,renewables_elec_per_capita,renewables_share_elec,renewables_cons_change_pct,renewables_share_energy,renewables_cons_change_twh,renewables_consumption,renewables_energy_per_capita,solar_share_elec,solar_cons_change_pct,solar_share_energy,solar_cons_change_twh,solar_consumption,solar_elec_per_capita,solar_energy_per_capita,gdp,wind_share_elec,wind_cons_change_pct,wind_share_energy,wind_cons_change_twh,wind_consumption,wind_elec_per_capita,wind_energy_per_capita
IND,India,1900,,,,,,,,,,,,,,,,,,,,,,,,39.547,162.697,,,,,,,,,,,,,,,,,,,,,,,,,,,,,,0,0,,,,,,,,,,,,,,,,,,,,,,,,,,,,,,1.675,6.89,,,,,,,,,243073952,,,,,,,,,,,,,,,,322000000000,,,,,,,
IND,India,1901,8.446,3.34,,0,32.639,0.547,,,,,,,,,,,,,,,,,,42.888,175.68,,,,,,,,,,,,,,,,,,,,,,,,,,,,,,0,0,,,,,,,,,,,,,,,,,,,,,,,,,,,,,,2.221,9.099,,,,,,,,,244123760,,,,,,,,,,,,,,,,330000000000,,,,,,,
IND,India,1902,11.897,5.102,,0,13.089,0.291,,,,,,,,,,,,,,,,,,47.99,195.741,,,,,,,,,,,,,,,,,,,,,,,,,,,,,,0,0,,,,,,,,,,,,,,,,,,,,,,,,,,,,,,2.512,10.246,,,,,,,,,245171584,,,,,,,,,,,,,,,,359000000000,,,,,,,
IND,India,1903,0.172,0.083,,0,55.093,1.384,,,,,,,,,,,,,,,,,,48.073,195.235,,,,,,,,,,,,,,,,,,,,,,,,,,,,,,0,0,,,,,,,,,,,,,,,,,,,,,,,,,,,,,,3.896,15.823,,,,,,,,,246230416,,,,,,,,,,,,,,,,366000000000,,,,,,,
IND,India,1904,10.482,5.039,,0,34.627,1.349,,,,,,,,,,,,,,,,,,53.112,214.771,,,,,,,,,,,,,,,,,,,,,,,,,,,,,,0,0,,,,,,,,,,,,,,,,,,,,,,,,,,,,,,5.245,21.21,,,,,,,,,247293792,,,,,,,,,,,,,,,,369000000000,,,,,,,
IND,India,1905,2.456,1.304,,0,22.173,1.163,,,,,,,,,,,,,,,,,,54.416,219.099,,,,,,,,,,,,,,,,,,,,,,,,,,,,,,0,0,,,,,,,,,,,,,,,,,,,,,,,,,,,,,,6.408,25.802,,,,,,,,,248361728,,,,,,,,,,,,,,,,364000000000,,,,,,,
IND,India,1906,16.217,8.824,,0,-2.722,-0.174,,,,,,,,,,,,,,,,,,63.24,253.535,,,,,,,,,,,,,,,,,,,,,,,,,,,,,,0,0,,,,,,,,,,,,,,,,,,,,,,,,,,,,,,6.234,24.991,,,,,,,,,249434256,,,,,,,,,,,,,,,,376000000000,,,,,,,
IND,India,1907,13.944,8.818,,0,8.022,0.5,,,,,,,,,,,,,,,,,,72.058,287.655,,,,,,,,,,,,,,,,,,,,,,,,,,,,,,0,0,,,,,,,,,,,,,,,,,,,,,,,,,,,,,,6.734,26.881,,,,,,,,,250502080,,,,,,,,,,,,,,,,354000000000,,,,,,,
IND,India,1908,14.559,10.491,,0,16.235,1.093,,,,,,,,,,,,,,,,,,82.55,328.119,,,,,,,,,,,,,,,,,,,,,,,,,,,,,,0,0,,,,,,,,,,,,,,,,,,,,,,,,,,,,,,7.827,31.111,,,,,,,,,251583808,,,,,,,,,,,,,,,,361000000000,,,,,,,
IND,India,1909,-7.052,-5.821,,0,32.244,2.524,,,,,,,,,,,,,,,,,,76.728,303.669,,,,,,,,,,,,,,,,,,,,,,,,,,,,,,0,0,,,,,,,,,,,,,,,,,,,,,,,,,,,,,,10.351,40.965,,,,,,,,,252670176,,,,,,,,,,,,,,,,412000000000,,,,,,,
IND,India,1910,1.493,1.145,,0,-8.09,-0.837,,,,,,,,,,,,,,,,,,77.873,306.876,,,,,,,,,,,,,,,,,,,,,,,,,,,,,,0,0,,,,,,,,,,,,,,,,,,,,,,,,,,,,,,9.513,37.489,,,,,,,,,253761200,,,,,,,,,,,,,,,,414000000000,,,,,,,
IND,India,1911,5.556,4.326,,0,5.134,0.488,,,,,,,,,,,,,,,,,,82.2,322.536,,,,,,,,,,,,,,,,,,,,,,,,,,,,,,0,0,,,,,,,,,,,,,,,,,,,,,,,,,,,,,,10.002,39.245,,,,,,,,,254854208,,,,,,,,,,,,,,,,414000000000,,,,,,,
IND,India,1912,15.65,12.864,,0,10.349,1.035,,,,,,,,,,,,,,,,,,95.064,371.409,,,,,,,,,,,,,,,,,,,,,,,,,,,,,,0,0,,,,,,,,,,,,,,,,,,,,,,,,,,,,,,11.037,43.12,,,,,,,,,255954624,,,,,,,,,,,,,,,,415000000000,,,,,,,
IND,India,1913,10.213,9.709,,0,11.38,1.256,,,,,,,,,,,,,,,,,,104.773,407.351,,,,,,,,,,,,,,,,,,,,,,,,,,,,,,0,0,,,,,,,,,,,,,,,,,,,,,,,,,,,,,,12.293,47.794,,,,,,,,,257205040,,,,,,,,,,,,,,,,407000000000,,,,,,,
IND,India,1914,1.579,1.654,,0,-6.623,-0.814,,,,,,,,,,,,,,,,,,106.427,411.539,,,,,,,,,,,,,,,,,,,,,,,,,,,,,,0,0,,,,,,,,,,,,,,,,,,,,,,,,,,,,,,11.479,44.387,,,,,,,,,258607040,,,,,,,,,,,,,,,,431000000000,,,,,,,
IND,India,1915,3.886,4.135,,0,10.841,1.244,,,,,,,,,,,,,,,,,,110.562,424.974,,,,,,,,,,,,,,,,,,,,,,,,,,,,,,0,0,,,,,,,,,,,,,,,,,,,,,,,,,,,,,,12.723,48.905,,,,,,,,,260162192,,,,,,,,,,,,,,,,422000000000,,,,,,,
IND,India,1916,0.88,0.973,,0,3.473,0.442,,,,,,,,,,,,,,,,,,111.536,426.153,,,,,,,,,,,,,,,,,,,,,,,,,,,,,,0,0,,,,,,,,,,,,,,,,,,,,,,,,,,,,,,13.165,50.301,,,,,,,,,261726672,,,,,,,,,,,,,,,,436000000000,,,,,,,
IND,India,1917,5.556,6.197,,0,-4.859,-0.64,,,,,,,,,,,,,,,,,,117.732,447.141,,,,,,,,,,,,,,,,,,,,,,,,,,,,,,0,0,,,,,,,,,,,,,,,,,,,,,,,,,,,,,,12.526,47.571,,,,,,,,,263300528,,,,,,,,,,,,,,,,430000000000,,,,,,,
IND,India,1918,13.78,16.224,,0,-0.929,-0.116,,,,,,,,,,,,,,,,,,133.956,505.93,,,,,,,,,,,,,,,,,,,,,,,,,,,,,,0,0,,,,,,,,,,,,,,,,,,,,,,,,,,,,,,12.409,46.868,,,,,,,,,264771648,,,,,,,,,,,,,,,,376000000000,,,,,,,
IND,India,1919,9.195,12.317,,0,9.091,1.128,,,,,,,,,,,,,,,,,,146.273,549.323,,,,,,,,,,,,,,,,,,,,,,,,,,,,,,0,0,,,,,,,,,,,,,,,,,,,,,,,,,,,,,,13.537,50.839,,,,,,,,,266279184,,,,,,,,,,,,,,,,430000000000,,,,,,,
IND,India,1920,-20.621,-30.163,,0,0.515,0.07,,,,,,,,,,,,,,,,,,116.11,433.578,,,,,,,,,,,,,,,,,,,,,,,,,,,,,,0,0,,,,,,,,,,,,,,,,,,,,,,,,,,,,,,13.607,50.812,,,,,,,,,267795296,,,,,,,,,,,,,,,,398000000000,,,,,,,
IND,India,1921,7.468,8.672,,0,8.376,1.14,,,,,,,,,,,,,,,,,,124.782,463.321,,,,,,,,,,,,,,,,,,,,,,,,,,,,,,0,0,,,,,,,,,,,,,,,,,,,,,,,,,,,,,,14.747,54.756,,,,,,,,,269320064,,,,,,,,,,,,,,,,429000000000,,,,,,,
IND,India,1922,-1.514,-1.89,,0,-2.366,-0.349,,,,,,,,,,,,,,,,,,122.892,453.722,,,,,,,,,,,,,,,,,,,,,,,,,,,,,,0,0,,,,,,,,,,,,,,,,,,,,,,,,,,,,,,14.398,53.158,,,,,,,,,270853472,,,,,,,,,,,,,,,,449000000000,,,,,,,
IND,India,1923,3.396,4.174,,0,-1.454,-0.209,,,,,,,,,,,,,,,,,,127.066,466.475,,,,,,,,,,,,,,,,,,,,,,,,,,,,,,0,0,,,,,,,,,,,,,,,,,,,,,,,,,,,,,,14.189,52.088,,,,,,,,,272395648,,,,,,,,,,,,,,,,436000000000,,,,,,,
IND,India,1924,7.736,9.83,,0,0.164,0.023,,,,,,,,,,,,,,,,,,136.895,499.716,,,,,,,,,,,,,,,,,,,,,,,,,,,,,,0,0,,,,,,,,,,,,,,,,,,,,,,,,,,,,,,14.212,51.878,,,,,,,,,273946592,,,,,,,,,,,,,,,,460000000000,,,,,,,
IND,India,1925,-1.292,-1.769,,0,-1.718,-0.244,,,,,,,,,,,,,,,,,,135.127,490.467,,,,,,,,,,,,,,,,,,,,,,,,,,,,,,0,0,,,,,,,,,,,,,,,,,,,,,,,,,,,,,,13.968,50.698,,,,,,,,,275506368,,,,,,,,,,,,,,,,467000000000,,,,,,,
IND,India,1926,0.457,0.617,,0,-8.41,-1.175,,,,,,,,,,,,,,,,,,135.744,489.917,,,,,,,,,,,,,,,,,,,,,,,,,,,,,,0,0,,,,,,,,,,,,,,,,,,,,,,,,,,,,,,12.793,46.172,,,,,,,,,277075008,,,,,,,,,,,,,,,,483000000000,,,,,,,
IND,India,1927,5.156,6.998,,0,1.636,0.209,,,,,,,,,,,,,,,,,,142.742,512.259,,,,,,,,,,,,,,,,,,,,,,,,,,,,,,0,0,,,,,,,,,,,,,,,,,,,,,,,,,,,,,,13.002,46.662,,,,,,,,,278652608,,,,,,,,,,,,,,,,485000000000,,,,,,,
IND,India,1928,2.09,2.984,,0,-84.615,-11.002,,,,,,,,,,,,,,,,,,145.726,520.006,,,,,,,,,,,,,,,,,,,,,,,,,,,,,,0,0,,,,,,,,,,,,,,,,,,,,,,,,,,,,,,2,7.138,,,,,,,,,280239168,,,,,,,,,,,,,,,,492000000000,,,,,,,
IND,India,1929,3.886,5.662,,0,20.349,0.407,,,,,,,,,,,,,,,,,,151.388,535.874,,,,,,,,,,,,,,,,,,,,,,,,,,,,,,0,0,,,,,,,,,,,,,,,,,,,,,,,,,,,,,,2.407,8.522,,,,,,,,,282507744,,,,,,,,,,,,,,,,514000000000,,,,,,,
IND,India,1930,1.639,2.481,,0,3.382,0.081,,,,,,,,,,,,,,,,,,153.87,539.003,,,,,,,,,,,,,,,,,,,,,,,,,,,,,,0,0,,,,,,,,,,,,,,,,,,,,,,,,,,,,,,2.489,8.718,,,,,,,,,285470848,,,,,,,,,,,,,,,,520000000000,,,,,,,
IND,India,1931,-8.77,-13.494,,0,12.15,0.302,,,,,,,,,,,,,,,,,,140.376,485.491,,,,,,,,,,,,,,,,,,,,,,,,,,,,,,0,0,,,,,,,,,,,,,,,,,,,,,,,,,,,,,,2.791,9.653,,,,,,,,,289141184,,,,,,,,,,,,,,,,518000000000,,,,,,,
IND,India,1932,-7.197,-10.103,,0,-0.417,-0.012,,,,,,,,,,,,,,,,,,130.272,444.83,,,,,,,,,,,,,,,,,,,,,,,,,,,,,,0,0,,,,,,,,,,,,,,,,,,,,,,,,,,,,,,2.78,9.491,,,,,,,,,292858720,,,,,,,,,,,,,,,,526000000000,,,,,,,
IND,India,1933,-1.802,-2.348,,0,-6.276,-0.174,,,,,,,,,,,,,,,,,,127.925,431.269,,,,,,,,,,,,,,,,,,,,,,,,,,,,,,0,0,,,,,,,,,,,,,,,,,,,,,,,,,,,,,,2.605,8.783,,,,,,,,,296624064,,,,,,,,,,,,,,,,529000000000,,,,,,,
IND,India,1934,11.459,14.659,,0,17.857,0.465,,,,,,,,,,,,,,,,,,142.583,474.585,,,,,,,,,,,,,,,,,,,,,,,,,,,,,,0,0,,,,,,,,,,,,,,,,,,,,,,,,,,,,,,3.07,10.219,,,,,,,,,300437792,,,,,,,,,,,,,,,,536000000000,,,,,,,
IND,India,1935,4.351,6.203,,0,6.061,0.186,,,,,,,,,,,,,,,,,,148.786,488.945,,,,,,,,,,,,,,,,,,,,,,,,,,,,,,0,0,,,,,,,,,,,,,,,,,,,,,,,,,,,,,,3.256,10.701,,,,,,,,,304300576,,,,,,,,,,,,,,,,532000000000,,,,,,,
IND,India,1936,-1.762,-2.621,,0,-5.714,-0.186,,,,,,,,,,,,,,,,,,146.165,474.234,,,,,,,,,,,,,,,,,,,,,,,,,,,,,,0,0,,,,,,,,,,,,,,,,,,,,,,,,,,,,,,3.07,9.962,,,,,,,,,308213024,,,,,,,,,,,,,,,,555000000000,,,,,,,
IND,India,1937,10.725,15.676,,0,9.47,0.291,,,,,,,,,,,,,,,,,,161.842,518.431,,,,,,,,,,,,,,,,,,,,,,,,,,,,,,0,0,,,,,,,,,,,,,,,,,,,,,,,,,,,,,,3.361,10.767,,,,,,,,,312175776,,,,,,,,,,,,,,,,548000000000,,,,,,,
IND,India,1938,13.209,21.377,,0,15.225,0.512,,,,,,,,,,,,,,,,,,183.219,579.458,,,,,,,,,,,,,,,,,,,,,,,,,,,,,,0,0,,,,,,,,,,,,,,,,,,,,,,,,,,,,,,3.873,12.248,,,,,,,,,316189472,,,,,,,,,,,,,,,,551000000000,,,,,,,
IND,India,1939,-2.024,-3.709,,0,-6.607,-0.256,,,,,,,,,,,,,,,,,,179.509,560.521,,,,,,,,,,,,,,,,,,,,,,,,,,,,,,0,0,,,,,,,,,,,,,,,,,,,,,,,,,,,,,,3.617,11.294,,,,,,,,,320254752,,,,,,,,,,,,,,,,566000000000,,,,,,,
IND,India,1940,5.83,10.466,,0,18.65,0.675,,,,,,,,,,,,,,,,,,189.975,585.67,,,,,,,,,,,,,,,,,,,,,,,,,,,,,,0,0,,,,,,,,,,,,,,,,,,,,,,,,,,,,,,4.291,13.23,,,,,,,,,324372320,,,,,,,,,,,,,,,,586000000000,,,,,,,
IND,India,1941,0.258,0.49,,0,4.878,0.209,,,,,,,,,,,,,,,,,,190.465,579.946,,,,,,,,,,,,,,,,,,,,,,,,,,,,,,0,0,,,,,,,,,,,,,,,,,,,,,,,,,,,,,,4.501,13.705,,,,,,,,,328418400,,,,,,,,,,,,,,,,600000000000,,,,,,,
IND,India,1942,-0.107,-0.204,,0,-3.618,-0.163,,,,,,,,,,,,,,,,,,190.261,572.403,,,,,,,,,,,,,,,,,,,,,,,,,,,,,,0,0,,,,,,,,,,,,,,,,,,,,,,,,,,,,,,4.338,13.051,,,,,,,,,332390592,,,,,,,,,,,,,,,,599000000000,,,,,,,
IND,India,1943,-13.322,-25.347,,0,-1.877,-0.081,,,,,,,,,,,,,,,,,,164.914,490.399,,,,,,,,,,,,,,,,,,,,,,,,,,,,,,0,0,,,,,,,,,,,,,,,,,,,,,,,,,,,,,,4.257,12.658,,,,,,,,,336286496,,,,,,,,,,,,,,,,625000000000,,,,,,,
IND,India,1944,2.411,3.976,,0,1.639,0.07,,,,,,,,,,,,,,,,,,168.891,496.405,,,,,,,,,,,,,,,,,,,,,,,,,,,,,,0,0,,,,,,,,,,,,,,,,,,,,,,,,,,,,,,4.326,12.716,,,,,,,,,340228032,,,,,,,,,,,,,,,,621000000000,,,,,,,
IND,India,1945,11.636,19.653,,0,-15.054,-0.651,,,,,,,,,,,,,,,,,,188.544,547.749,,,,,,,,,,,,,,,,,,,,,,,,,,,,,,0,0,,,,,,,,,,,,,,,,,,,,,,,,,,,,,,3.675,10.677,,,,,,,,,344215808,,,,,,,,,,,,,,,,613000000000,,,,,,,
IND,India,1946,-0.925,-1.743,,0,-7.278,-0.267,,,,,,,,,,,,,,,,,,186.8,535.796,,,,,,,,,,,,,,,,,,,,,,,,,,,,,,0,0,,,,,,,,,,,,,,,,,,,,,,,,,,,,,,3.408,9.774,,,,,,,,,348641184,,,,,,,,,,,,,,,,583000000000,,,,,,,
IND,India,1947,2.67,4.988,,0,-15.017,-0.512,,,,,,,,,,,,,,,,,,191.788,543.157,,,,,,,,,,,,,,,,,,,,,,,,,,,,,,0,0,,,,,,,,,,,,,,,,,,,,,,,,,,,,,,2.896,8.201,,,,,,,,,353099584,,,,,,,,,,,,,,,,484000000000,,,,,,,
IND,India,1948,-0.07,-0.134,,0,0.803,0.023,,,,,,,,,,,,,,,,,,191.655,535.474,,,,,,,,,,,,,,,,,,,,,,,,,,,,,,0,0,,,,,,,,,,,,,,,,,,,,,,,,,,,,,,2.919,8.156,,,,,,,,,357915968,,,,,,,,,,,,,,,,491000000000,,,,,,,
IND,India,1949,5.215,9.995,,0,0.797,0.023,,,,,,,,,,,,,,,,,,201.65,549.872,,,,,,,,,,,,,,,,,,,,,,,,,,,,,,0,0,,,,,,,,,,,,,,,,,,,,,,,,,,,,,,2.942,8.024,,,,,,,,,366721344,,,,,,,,,,,,,,,,506000000000,,,,,,,
IND,India,1950,3.568,7.196,,0,2.372,0.07,,,,,,,,,,,,,,,,,,208.845,554.96,,,,,,,,,,,,,,,,,,,,,,,,,,,,,,0,0,,,,,,,,,,,,,,,,,,,,,,,,,,,,,,3.012,8.004,,,,,,,,,376324992,,,,,,,,,,,,,,,,509000000000,,,,,,,
IND,India,1951,6.477,13.526,,0,3.861,0.116,,,,,,,,,,,,,,,,,,222.371,581.55,,,,,,,,,,,,,,,,,,,,,,,,,,,,,,0,0,,,,,,,,,,,,,,,,,,,,,,,,,,,,,,3.128,8.182,,,,,,,,,382376992,,,,,,,,,,,,,,,,520000000000,,,,,,,
IND,India,1952,5.53,12.298,,0,-2.23,-0.07,,,,,,,,,,,,,,,,,,234.67,603.576,,,,,,,,,,,,,,,,,,,,,,,,,,,,,,0,0,,,,,,,,,,,,,,,,,,,,,,,,,,,,,,3.059,7.867,,,,,,,,,388799008,,,,,,,,,,,,,,,,513000000000,,,,,,,
IND,India,1953,-0.889,-2.087,,0,3.422,0.105,,,,,,,,,,,,,,,,,,232.583,588.007,,,,,,,,,,,,,,,,,,,,,,,,,,,,,,0,0,,,,,,,,,,,,,,,,,,,,,,,,,,,,,,3.163,7.997,,,,,,,,,395544000,,,,,,,,,,,,,,,,535000000000,,,,,,,
IND,India,1954,2.5,5.815,,0,12.868,0.407,,,,,,,,,,,,,,,,,,238.398,592.177,,,,,,,,,,,,,,,,,,,,,,,,,,,,,,0,0,,,,,,,,,,,,,,,,,,,,,,,,,,,,,,3.57,8.869,,,,,,,,,402579008,,,,,,,,,,,,,,,,548000000000,,,,,,,
IND,India,1955,3.651,8.703,,0,13.029,0.465,,,,,,,,,,,,,,,,,,247.101,602.861,,,,,,,,,,,,,,,,,,,,,,,,,,,,,,0,0,,,,,,,,,,,,,,,,,,,,,,,,,,,,,,4.036,9.846,,,,,,,,,409880992,,,,,,,,,,,,,,,,547000000000,,,,,,,
IND,India,1956,3.085,7.622,,0,14.121,0.57,,,,,,,,,,,,,,,,,,254.723,610.199,,,,,,,,,,,,,,,,,,,,,,,,,,,,,,0,0,,,,,,,,,,,,,,,,,,,,,,,,,,,,,,4.605,11.033,,,,,,,,,417443008,,,,,,,,,,,,,,,,573000000000,,,,,,,
IND,India,1957,10.408,26.511,,0,11.111,0.512,,,,,,,,,,,,,,,,,,281.235,661.307,,,,,,,,,,,,,,,,,,,,,,,,,,,,,,0,0,,,,,,,,,,,,,,,,,,,,,,,,,,,,,,5.117,12.033,,,,,,,,,425271008,,,,,,,,,,,,,,,,556000000000,,,,,,,
IND,India,1958,4.215,11.853,,0,-0.227,-0.012,,,,,,,,,,,,,,,,,,293.087,676.281,,,,,,,,,,,,,,,,,,,,,,,,,,,,,,0,0,,,,,,,,,,,,,,,,,,,,,,,,,,,,,,5.106,11.781,,,,,,,,,433380992,,,,,,,,,,,,,,,,582000000000,,,,,,,
IND,India,1959,3.807,11.159,,0,2.506,0.128,,,,,,,,,,,,,,,,,,304.247,688.654,,,,,,,,,,,,,,,,,,,,,,,,,,,,,,0,0,,,,,,,,,,,,,,,,,,,,,,,,,,,,,,5.234,11.846,,,,,,,,,441799008,,,,,,,,,,,,,,,,576000000000,,,,,,,
IND,India,1960,9.979,30.36,,1.616,0.889,0.047,,,,,,,,,,,,,,,,,,334.607,742.667,,,,,,,,,,,,,,,,,,,,,,,,,,,,,,1.616,3.586,,,,,,,,,,,,,,,,,,,,,,,,,,,,,,5.28,11.719,,,,,,,,,450548000,,,,,,,,,,,,,,,,609000000000,,,,,,,
IND,India,1961,6.602,22.09,-23.022,-0.372,12.996,0.686,,,,,,,,,,,,,,,,,,356.697,776.031,,,,,,,,,,,,,,,,,,,,,,,,,,,,,,1.244,2.706,,,,,,,,,,,,,,,,,,,,,,,,,,,,,,5.966,12.98,,,,,,,,,459641984,,,,,,,,,,,,,,,,612000000000,,,,,,,
IND,India,1962,9.462,33.751,100,1.244,110.136,6.571,,,,,,,,,,,,,,,,,,390.448,832.375,,,,,,,,,,,,,,,,,,,,,,,,,,,,,,2.487,5.303,,,,,,,,,,,,,,,,,,,,,,,,,,,,,,12.537,26.727,,,,,,,,,469076992,,,,,,,,,,,,,,,,616000000000,,,,,,,
IND,India,1963,7.473,29.177,25.234,0.628,53.247,6.676,,,,,,,,,,,,,,,,,,419.625,876.362,,,,,,,,,,,,,,,,,,,,,,,,,,,,,,3.115,6.506,,,,,,,,,,,,,,,,,,,,,,,,,,,,,,19.213,40.125,,,,,,,,,478825984,,,,,,,,,,,,,,,,629000000000,,,,,,,
IND,India,1964,-5.331,-22.369,20.149,0.628,33.898,6.513,,,,,,,,,,,,,,,,,,397.256,812.636,,,,,,,,,,,,,,,,,,,,,,,,,,,,,,3.743,7.656,,,,,,,,,,,,,,,,,,,,,,,,,,,,,,25.726,52.625,,,,,,,,,488848000,,,,,,,,,,,,,,,,658000000000,,,,,,,
IND,India,1965,0,,0,,36.397,9.363,,,,,,0,,0,0,,,,67.11,,413.408,,828.268,,,,,,,,,,,,,,,,0.995,1234.199,,91.357,,562.775,1127.529,,,,,0.385,,2.373,,4.753,,,,,8.643,,53.242,,106.67,,,,,8.643,,53.242,106.67,,,0,,0,,0,,,23.862,,146.995,,294.507,35.089,70.301,,,,0,,0,0,,499123008,616.017,,,,8.643,,53.242,106.67,,,0,,0,,0,619000000000,,,0,,0,,0
IND,India,1966,0,,0,,53.772,18.868,3.054,18.81,,,,0,0,0,0,,,-0.24,64.965,-0.992,412.416,,809.242,,,,,,,,,,,,,,,,1.041,1245.658,2.924,91.242,16.453,579.229,1136.563,,,,12.255,0.42,0.291,2.663,,5.226,,,,4.427,8.758,2.357,55.599,,109.095,,,,4.427,8.758,2.357,55.599,109.095,,,0,0,0,,0,,11.67,25.857,17.155,164.15,,322.095,53.957,105.874,,,,0,0,0,0,,509632000,634.827,,,4.427,8.758,2.357,55.599,109.095,,,0,0,0,,0,610000000000,,,0,0,0,,0
IND,India,1967,0,,0,,21.95,11.843,3.086,19.593,,,,0,0,0,0,,,1.666,64.07,6.87,419.286,,805.697,,,,,,,,,,,,,,,,1.016,1257.53,2.24,90.493,12.976,592.205,1137.978,,,,33.624,0.544,0.896,3.559,,6.839,,,,11.901,9.507,6.617,62.215,,119.553,,,,11.901,9.507,6.617,62.215,119.553,,,0,0,0,,0,,3.174,25.879,5.211,169.36,,325.442,65.8,126.441,,,,0,0,0,0,,520400992,654.42,,,11.901,9.507,6.617,62.215,119.553,,,0,0,0,,0,644000000000,,,0,0,0,,0
IND,India,1968,0,,0,,3.282,2.16,6.866,44.933,,,,0,0,0,0,,,3.468,62.032,14.539,433.825,,816.206,,,,,,,,,,,,,,,,1.094,1315.776,5.968,89.733,35.346,627.55,1180.684,,,,11.111,0.565,0.395,3.954,,7.44,,,,15.41,10.267,9.588,71.803,,135.092,,,,15.41,10.267,9.588,71.803,135.092,,,0,0,0,,0,,12.052,27.135,20.411,189.771,,357.039,67.96,127.861,,,,0,0,0,0,,531513984,699.353,,,15.41,10.267,9.588,71.803,135.092,,,0,0,0,,0,639000000000,,,0,0,0,,0
IND,India,1969,0,,0,,14.864,10.102,10.852,75.897,,,,0,0,0,0,,,6.228,59.444,27.017,460.842,,848.564,,,,,,,,,,,,,,,,1.184,1427.496,10.512,89.457,65.965,693.516,1276.995,,,,20,0.612,0.791,4.745,,8.737,,,,11.028,10.283,7.918,79.721,,146.793,,,,13.831,10.543,9.931,81.734,150.5,,,0.26,2.013,2.013,,3.707,,20.107,29.401,38.158,227.929,,419.694,78.062,143.738,,,,0,0,0,0,,543084032,775.25,,,11.028,10.283,7.918,79.721,146.793,,,0,0,0,,0,655000000000,,,0,0,0,,0
IND,India,1970,0,,69.085,,1.279,0.999,-2.198,-17.041,,,,0,0,0,0,,,-5.215,57.611,-24.032,436.809,,786.774,,,,,,,,,,,,,,,,1.135,1365.674,-3.387,88.37,-23.486,670.029,1206.847,,,,33.37,0.835,1.583,6.328,,11.399,6.328,11.399,,6.052,11.151,4.825,84.546,,152.282,,,,7.885,11.63,6.445,88.179,158.827,,80.488,0.479,1.62,3.634,,6.545,,-0.455,29.925,-1.037,226.892,,408.674,79.06,142.402,,,,0,0,0,0,,555190016,758.209,,,6.052,11.151,4.825,84.546,152.282,,,0,0,0,,0,668000000000,,,0,0,0,,0
IND,India,1971,0,,5.969,0.378,5.522,4.366,3.975,30.137,,,,0,0,0,0,,,1.388,56.177,6.063,442.873,,779.886,,,,,,,,,,,,,,,,1.151,1388.256,3.415,87.894,22.882,692.911,1220.198,,,,5.969,0.851,0.378,6.706,,11.809,6.706,11.809,,9.685,11.763,8.188,92.734,,163.302,,,,8.228,12.106,7.255,95.435,168.058,,-25.676,0.343,-0.933,2.701,,4.756,,7.246,30.866,16.441,243.333,,428.502,83.426,146.911,,,,0,0,0,0,,567868032,788.346,,,9.685,11.763,8.188,92.734,163.302,,,0,0,0,,0,685000000000,,,0,0,0,,0
IND,India,1972,0,,9.688,0.65,2.617,2.183,5.283,41.651,,,,0,0,0,0,,,5.602,56.348,24.811,467.683,,804.842,,,,,,,,,,,,,,,,1.182,1428.353,6.424,88.846,44.511,737.423,1269.04,,,,9.688,0.886,0.65,7.356,,12.659,7.356,12.659,,-2.939,10.844,-2.725,90.009,,154.897,,,,-2.997,11.154,-2.86,92.574,159.312,,-5,0.309,-0.135,2.566,,4.415,,7.829,31.613,19.051,262.383,,451.539,85.609,147.325,,,,0,0,0,0,,581086976,829.997,,,-2.939,10.844,-2.725,90.009,154.897,,,0,0,0,,0,702000000000,,,0,0,0,,0
IND,India,1973,0,,-0.262,-0.019,-2.374,-2.032,2.051,17.027,,,,0,0,0,0,,,-1.333,54.479,-6.234,461.45,,775.846,,,,,,,,,,,,,,,,1.122,1424.12,1.129,88.043,8.323,745.746,1253.839,,,,-0.262,0.866,-0.019,7.337,,12.335,7.337,12.335,,6.492,11.316,5.843,95.852,,161.158,,,,9.402,11.957,8.704,101.278,170.281,,111.483,0.641,2.86,5.426,,9.123,,5.555,32.698,14.576,276.959,,465.658,83.577,140.52,,,,0,0,0,0,,594769984,847.024,,,6.492,11.316,5.843,95.852,161.158,,,0,0,0,,0,755000000000,,,0,0,0,,0
IND,India,1974,0,,13.185,0.967,4.057,3.39,6.01,50.907,,,,0,0,0,0,,,12.874,58.006,59.407,520.857,,855.542,,,,,,,,,,,,,,,,1.197,1474.911,7.37,89.172,54.958,800.704,1315.21,,,,13.185,0.925,0.967,8.304,,13.64,8.304,13.64,,-3.778,10.271,-3.621,92.23,,151.495,,,,-4,10.828,-4.051,97.227,159.702,,-7.919,0.556,-0.43,4.996,,8.207,,-1.956,30.241,-5.416,271.543,,446.028,86.967,142.85,,,,0,0,0,0,,608803008,897.931,,,-3.778,10.271,-3.621,92.23,151.495,,,0,0,0,,0,750000000000,,,0,0,0,,0
IND,India,1975,0,,28.021,2.327,10.587,9.208,7.444,66.844,,,,0,0,0,0,,,7.497,58.035,39.05,559.907,,898.578,,,,,,,,,,,,,,,,1.167,1548.339,5.986,87.962,47.927,848.631,1361.943,,,,28.021,1.102,2.327,10.631,,17.061,10.631,17.061,,19.473,11.421,17.96,110.19,,176.841,,,,19.457,12.038,18.918,116.144,186.397,,19.165,0.617,0.958,5.954,,9.555,,2.412,28.825,6.55,278.093,,446.304,96.175,154.348,,,,0,0,0,0,,623102976,964.775,,,19.473,11.421,17.96,110.19,176.841,,,0,0,0,,0,827000000000,,,0,0,0,,0
IND,India,1976,0,,21.48,2.284,4.539,4.366,4.88,47.084,,,,0,0,0,0,,,4.131,57.62,23.129,583.035,,914.379,,,,,,,,,,,,,,,,1.252,1586.907,4.782,87.879,40.578,889.209,1394.553,,,,21.48,1.276,2.284,12.914,,20.254,12.914,20.254,,4.612,11.392,5.082,115.273,,180.783,,,,5.602,12.121,6.506,122.651,192.354,,23.918,0.729,1.424,7.378,,11.571,,5.454,28.982,15.166,293.259,,459.92,100.541,157.679,,,,0,0,0,0,,637630016,1011.859,,,4.612,11.392,5.082,115.273,180.783,,,0,0,0,,0,808000000000,,,0,0,0,,0
IND,India,1977,0,,6.801,0.878,17.623,17.719,5.755,58.237,,,,0,0,0,0,,,4.684,57.037,27.311,610.347,,935.528,,,,,,,,,,,,,,,,1.316,1640.223,5.62,87.766,49.975,939.184,1439.563,,,,6.801,1.289,0.878,13.793,,21.141,13.793,21.141,,9.105,11.753,10.496,125.769,,192.776,,,,6.736,12.234,8.262,130.913,200.66,,-30.283,0.481,-2.234,5.144,,7.884,,7.429,29.441,21.785,315.044,,482.894,118.259,181.266,,,,0,0,0,0,,652409024,1070.096,,,9.105,11.753,10.496,125.769,192.776,,,0,0,0,,0,813000000000,,,0,0,0,,0
IND,India,1978,0,,11.689,1.612,10.663,12.61,3.801,40.675,,,,0,0,0,0,,,-3.225,53.176,-19.682,590.665,,884.891,,,,,,,,,,,,,,,,1.385,1664.077,0.986,85.386,9.261,948.444,1420.89,,,,11.689,1.387,1.612,15.405,,23.078,15.405,23.078,,24.07,14.048,30.273,156.042,,233.77,,,,23.997,14.614,31.415,162.327,243.187,,22.196,0.566,1.142,6.285,,9.416,,8.675,30.823,27.331,342.375,,512.921,130.869,196.058,,,,0,0,0,0,,667500032,1110.771,,,24.07,14.048,30.273,156.042,233.77,,,0,0,0,,0,802000000000,,,0,0,0,,0
IND,India,1979,0,,24.367,3.754,13.912,18.206,5.612,62.341,,,,0,0,0,0,,,6.235,53.49,36.829,627.493,,918.738,,,,,,,,,,,,,,,,1.562,1717.6,7.136,86.618,67.681,1016.125,1487.749,,,,24.367,1.633,3.754,19.159,,28.051,19.159,28.051,,-3.572,12.826,-5.573,150.468,,220.307,,,,-3.29,13.382,-5.34,156.987,229.851,,3.711,0.556,0.233,6.519,,9.544,,7.915,31.495,27.098,369.473,,540.96,149.075,218.267,,,,0,0,0,0,,682995008,1173.112,,,-3.572,12.826,-5.573,150.468,220.307,,,0,0,0,,0,751000000000,,,0,0,0,,0
IND,India,1980,0,,-40.857,-7.828,-26.793,-39.942,3.018,35.406,,,,0,0,0,0,,,5.111,54.576,32.072,659.566,,943.648,,,,,,,,,,,,,,,,1.557,1729.04,3.109,86.694,31.588,1047.713,1498.975,,,,-40.857,0.938,-7.828,11.331,,16.211,11.331,16.211,,2.35,12.743,3.536,154.004,,220.335,,,,2.432,13.306,3.818,160.805,230.065,,4.331,0.563,0.282,6.801,,9.73,,1.988,31.18,7.343,376.816,,539.116,109.133,156.138,,,,0,0,0,0,,698953024,1208.518,,,2.35,12.743,3.536,154.004,220.335,,,0,0,0,,0,776000000000,,,0,0,0,,0
IND,India,1981,86.717,,74.581,8.451,59.325,64.744,10.76,130.032,,,,0,0,0,0,,,12.52,55.444,82.578,742.143,,1037.404,741.744,1036.846,,,,,,,,,,,,,,1.745,1871.09,11.441,87.227,119.867,1167.58,1632.101,,,,74.581,1.478,8.451,19.782,,27.652,19.782,27.652,,6.568,12.261,10.116,164.119,,229.414,,,,6.321,12.773,10.165,170.97,238.99,,0.722,0.512,0.049,6.85,,9.575,,7.653,30.306,28.839,405.656,,567.045,173.877,243.053,,,,0,0,0,0,,715385024,1338.55,,,6.568,12.261,10.116,164.119,229.414,,,0,0,0,,0,767000000000,,,0,0,0,,0
IND,India,1982,-1.011,-7.499,31.103,6.153,32.761,56.964,-0.864,-11.564,,,,0,0,0,0,,,-1.11,55.306,-8.238,733.905,,1002.275,734.246,1002.74,,,,,,,,,,,,,,1.758,1812.231,1.277,89.111,14.915,1182.496,1614.904,,,,31.103,1.954,6.153,25.935,,35.418,25.935,35.418,,-15.611,10.437,-25.62,138.499,,189.145,,,,-15.488,10.889,-26.48,144.49,197.326,,-12.545,0.451,-0.859,5.991,,8.181,,4.191,31.851,17.001,422.657,,577.211,230.841,315.253,,,,0,0,0,0,,732238976,1326.986,,,-15.611,10.437,-25.62,138.499,189.145,,,0,0,0,,0,755000000000,,,0,0,0,,0
IND,India,1983,5.801,42.592,18.983,4.923,27.539,63.571,5.22,69.272,,,,0,0,0,0,,,6.151,55.795,45.144,779.049,,1039.523,776.838,1036.573,,,,,,,,,,,,,,1.823,1863.095,6.069,89.83,71.764,1254.26,1673.621,,,,18.983,2.21,4.923,30.858,,41.175,30.858,41.175,,-3.643,9.558,-5.045,133.454,,178.074,,,,-1.725,10.17,-2.492,141.998,189.475,,42.623,0.612,2.553,8.544,,11.401,,5.133,31.825,21.697,444.353,,592.922,294.412,392.848,,,,0,0,0,0,,749428992,1396.258,,,-3.643,9.558,-5.045,133.454,178.074,,,0,0,0,,0,766000000000,,,0,0,0,,0
IND,India,1984,4.921,38.228,14.527,4.483,11.193,32.952,6.79,94.8,,,,0,0,0,0,,,5.04,54.881,39.263,818.311,,1067.131,815.065,1062.898,,,,,,,,,,,,,,1.949,1944.436,6.096,89.247,76.46,1330.72,1735.345,,,,14.527,2.37,4.483,35.341,,46.086,35.341,46.086,,11.738,10.001,15.664,149.118,,194.46,,,,12.916,10.753,18.341,160.338,209.092,,31.322,0.753,2.676,11.22,,14.632,,7.362,31.995,32.714,477.067,,622.127,327.364,426.904,,,,0,0,0,0,,766833024,1491.058,,,11.738,10.001,15.664,149.118,194.46,,,0,0,0,,0,765000000000,,,0,0,0,,0
IND,India,1985,3.269,26.645,22.319,7.888,7.122,23.315,5.61,83.651,,,,0,0,0,0,,62.257,4.776,54.448,39.086,857.398,147.941,1093.118,841.71,1073.117,186.386,,116.039,130.065,2.158,51.813,4.508,11.868,0,,51.813,0,0,2.042,2007.636,6.579,90.065,87.543,1418.262,1808.178,165.823,69.783,1.158,22.319,2.745,7.888,43.228,2.751,55.113,43.228,55.113,27.799,-3.482,9.14,-5.193,143.925,66.058,183.494,30.217,56.321,71.805,-2.427,9.935,-3.892,156.447,199.458,2.419,11.597,0.795,1.301,12.522,5.747,15.964,6.367,8.504,32.872,40.569,517.636,15.131,659.947,350.679,447.089,0,0,,0,0,0,0,237.628,784360000,1574.709,66.058,27.799,-3.482,9.14,-5.193,143.925,183.494,0,,0,0,0,0,0,771000000000,0,,0,0,0,0,0
IND,India,1986,7.57,63.717,39.724,17.172,4.702,16.488,7.059,111.162,,,,0,0,0,0,,64.093,7.446,54.645,63.843,921.241,161.978,1148.715,905.427,1128.996,202.677,,129.902,145.088,3.682,52.569,5.02,11.504,0,,52.569,0,0,2.074,2102.149,7.589,90.511,107.639,1525.901,1902.679,180.913,71.586,1.817,39.724,3.583,17.172,60.4,4.591,75.314,60.4,75.314,25.937,1.459,8.662,2.099,146.024,65.549,182.081,28.414,57.589,71.809,2.252,9.489,3.523,159.97,199.47,2.477,11.373,0.827,1.424,13.946,6.26,17.389,5.676,5.143,32.284,26.624,544.26,14.345,678.649,367.167,457.828,0,0,,0,0,0,0,252.723,801974976,1685.871,65.549,25.937,1.459,8.662,2.099,146.024,182.081,0,,0,0,0,0,0,813000000000,0,,0,0,0,0,0
IND,India,1987,9.615,87.059,15.193,9.177,-2.966,-10.891,6.4,107.891,,,,0,0,0,0,,68.315,9.812,56.397,90.39,1011.631,186.414,1234.175,992.485,1210.817,223.669,,152.8,169.386,4.235,48.963,5.321,12.351,0,,48.963,0,0,2.081,2188.364,7.672,91.594,117.074,1642.975,2004.405,206.648,75.73,1.893,15.193,3.879,9.177,69.577,5.167,84.883,69.577,84.883,21.891,-6.86,7.582,-10.017,136.007,59.734,165.927,24.27,54.283,66.225,-5.74,8.406,-9.183,150.788,183.959,2.379,5.986,0.824,0.835,14.78,6.491,18.032,5.522,3.217,31.318,17.507,561.767,15.068,685.348,356.276,434.651,0,0,,0,0,0,0,272.873,819681984,1793.763,59.734,21.891,-6.86,7.582,-10.017,136.007,165.927,0,,0,0,0,0,0,862000000000,0,,0,0,0,0,0
IND,India,1988,6.313,62.651,17.143,11.928,5.221,18.601,8.83,158.39,,,,0,0,0,0,,68.244,7.308,55.608,73.928,1085.558,196.635,1296.237,1055.136,1259.911,241.305,,164.676,180.613,3.604,54.615,6.077,12.333,0,,54.615,0,0,2.077,2331.015,8.557,91.364,140.59,1783.564,2129.708,215.665,74.849,1.494,17.143,4.175,11.928,81.505,4.303,97.323,81.505,97.323,22.633,11.544,7.771,15.701,151.708,65.214,181.151,25.151,60.692,72.47,11.805,8.636,17.8,168.588,201.307,2.518,14.203,0.865,2.099,16.88,7.256,20.156,5.111,9.743,31.581,54.734,616.501,14.727,736.148,374.877,447.63,0,0,,0,0,0,0,288.136,837468992,1952.152,65.214,22.633,11.544,7.771,15.701,151.708,181.151,0,,0,0,0,0,0,940000000000,0,,0,0,0,0,0
IND,India,1989,8.747,92.292,18.894,15.4,6.699,25.115,9.203,179.666,,,,0,0,0,0,,67.894,8.694,55.349,94.384,1179.942,216.26,1379.509,1147.428,1341.496,272.446,,184.975,205.055,7.275,63.37,4.022,12.805,0,,63.37,0,0,2.111,2492.378,9.03,91.219,161.055,1944.62,2273.519,239.736,75.264,2.67,18.894,4.546,15.4,96.905,8.505,113.294,96.905,113.294,23.26,16.03,8.257,24.319,176.027,74.088,205.799,24.736,67.391,78.79,11.039,8.781,18.611,187.199,218.86,1.476,-33.818,0.524,-5.708,11.171,4.702,13.061,4.7,8.317,31.324,51.272,667.773,14.971,780.715,399.991,467.643,0,0,,0,0,0,0,318.526,855334976,2131.818,74.088,23.26,16.03,8.257,24.319,176.027,205.799,0,,0,0,0,0,0,1010000000000,0,,0,0,0,0,0
IND,India,1990,7.734,88.739,19.63,19.023,-0.807,-3.228,7.321,156.061,,,,0,0,0,0,,66.594,8.143,55.773,96.084,1276.026,219.441,1461.191,1236.168,1415.549,287.763,,191.633,214.903,9.958,66.397,6.395,13.312,0.038,,66.465,0,0.03,2.118,2619.875,7.244,91.154,140.871,2085.491,2388.118,246.088,74.681,3.46,19.63,5.067,19.023,115.927,11.403,132.75,115.927,132.75,23.074,4.777,8.061,8.409,184.436,76.032,211.2,25.319,72.86,83.433,8.114,8.846,15.19,202.389,231.757,2.222,59.011,0.776,6.592,17.764,7.323,20.341,4.626,3.858,30.314,25.764,693.537,15.244,794.177,396.764,454.338,0.043,0.013,,0.005,0.104,0.104,0.12,329.52,873278016,2287.88,76.11,23.097,4.884,8.07,8.598,184.625,211.416,0,,0,0,0,0,0,1080000000000,0.011,,0.004,0.084,0.084,0.035,0.096
IND,India,1991,6.929,85.658,11.37,13.181,-5.827,-23.118,5.457,124.852,,,,0,0,0,0,,66.816,6.415,56.28,81.853,1357.879,240.238,1523.527,1321.825,1483.076,320.458,,214.118,240.917,13.355,73.919,5.414,13.444,0.095,,74.127,0,0.113,2.174,2707.062,5.097,90.842,106.294,2191.785,2459.162,270.307,75.179,4.167,11.37,5.351,13.181,129.108,14.984,144.858,129.108,144.858,23.067,11.329,8.51,20.894,205.33,82.936,230.379,24.821,79.541,89.244,9.169,9.158,18.558,220.946,247.9,1.689,-15.342,0.623,-2.725,15.038,6.074,16.873,4.195,1.624,29.212,11.261,704.798,15.084,790.777,373.646,419.227,0.107,0.03,152.941,0.011,0.16,0.264,0.296,359.55,891273024,2412.731,83.17,23.132,11.528,8.534,21.283,205.908,231.027,0,,0,0,0,0,0,1110000000000,0.035,272.603,0.013,0.229,0.314,0.127,0.352
IND,India,1992,5.543,73.274,11.803,15.239,-9.304,-34.764,5.168,124.679,,,,0,0,0,0,,68.044,5.919,56.682,80.379,1438.258,252.293,1581.707,1395.1,1534.245,337.153,,229.412,260.481,16.258,70.061,6.404,14.811,0.119,,70.269,0,0.088,2.15,2790.488,6.052,91.606,132.647,2324.432,2556.267,286.461,77.259,4.822,11.803,5.689,15.239,144.347,17.88,158.744,144.347,158.744,20.78,-5.219,7.67,-10.717,194.613,77.049,214.024,22.741,76.672,84.32,-3.606,8.394,-7.968,212.979,234.221,1.899,18.286,0.701,2.75,17.788,7.042,19.562,4.393,5.254,29.236,37.029,741.827,16.288,815.816,338.882,372.682,0.131,0.035,25.581,0.013,0.068,0.332,0.365,370.781,909307008,2537.411,77.277,20.842,-5.205,7.693,-10.717,195.191,214.659,0,,0,0,0,0,0,1180000000000,0.026,-21.646,0.01,-0.068,0.246,0.097,0.27
IND,India,1993,3.317,46.271,1.61,2.324,-4.492,-15.222,2.493,63.255,,,,0,0,0,0,,69.796,3.572,57.279,51.369,1489.627,272.572,1606.233,1441.37,1554.199,362.176,,252.784,284.87,17.878,70.732,6.227,14.208,0.252,,71.079,0,0.095,2.048,2804.242,2.646,91.743,61.494,2385.926,2572.693,307.169,78.655,4.936,1.61,5.64,2.324,146.671,19.277,158.152,146.671,158.152,19.53,0.959,7.555,1.866,196.479,76.269,211.859,21.345,77.306,83.358,0.827,8.257,1.761,214.74,231.549,1.719,-2.761,0.665,-0.491,17.297,6.714,18.651,3.923,1.052,28.824,7.801,749.628,15.32,808.308,323.66,348.996,0.272,0.07,111.111,0.027,0.368,0.7,0.755,390.527,927404032,2600.666,76.643,19.626,1.154,7.592,2.252,197.443,212.898,0,,0,0,0,0,0,1270000000000,0.026,7.121,0.01,0.018,0.263,0.102,0.284
IND,India,1994,1.715,24.726,8.112,11.898,16.154,52.285,5.322,138.398,,,,0,0,0,0,,68.204,3.2,56.125,47.662,1537.288,279.831,1625.724,1466.096,1550.437,387.967,,264.609,302.238,21.882,80.212,4.945,15.747,0.38,,80.784,0,0.191,2.044,2896.635,4.82,91.306,115.002,2500.928,2644.8,319.625,77.903,5.64,8.112,5.789,11.898,158.569,23.141,167.691,158.569,167.691,20.675,13.402,8.135,26.332,222.812,84.827,235.629,22.097,85.729,90.661,10.895,8.694,23.396,238.136,251.836,1.275,-20.582,0.502,-3.56,13.737,5.23,14.527,4.059,7.396,29.392,55.442,805.07,16.653,851.384,375.945,397.572,0.402,0.098,50.877,0.039,0.356,1.056,1.117,410.286,945601984,2739.064,85.431,20.822,13.653,8.193,26.957,224.399,237.308,0,,0,0,0,0,0,1340000000000,0.049,101.836,0.019,0.268,0.531,0.202,0.562
IND,India,1995,5.58,81.808,14.006,22.209,13.185,49.568,7.527,206.16,,,,0,0,0,0,,69.365,6.136,55.399,94.326,1631.615,307.381,1692.682,1547.905,1605.838,427.149,,296.292,342.552,29.434,75.921,7.615,16.826,0.564,,76.982,0.001,0.496,2.045,3055.456,8.369,92.021,209.305,2710.233,2811.669,355.373,80.195,6.891,14.006,6.138,22.209,180.778,30.536,187.544,180.778,187.544,17.774,-5.35,7.16,-11.92,210.891,78.762,218.785,19.805,84.597,87.763,-1.321,7.979,-3.145,234.991,243.786,1.783,53.977,0.718,7.415,21.152,7.9,21.943,3.939,11.523,30.485,92.769,897.84,17.456,931.443,425.513,441.439,0.585,0.132,48.256,0.053,0.51,1.566,1.625,443.136,963923008,2945.224,79.863,18.022,-4.706,7.261,-10.56,213.839,221.843,0,,0,0.003,0.003,0.001,0.003,1440000000000,0.116,159.551,0.047,0.848,1.379,0.515,1.431
IND,India,1996,7.174,111.051,9.149,16.539,-5.04,-21.446,4.058,119.506,,,,0,0,0,0,,70.449,2.873,54.768,46.869,1678.484,317.839,1708.615,1658.956,1688.737,443.205,,312.234,364.106,32.024,69.058,8.401,19.848,0.756,,70.698,0.006,0.878,1.952,3119.747,4.973,92.831,134.777,2845.009,2896.082,370.642,82.153,7.226,9.149,6.438,16.539,197.317,32.599,200.86,197.317,200.86,15.581,-9.04,6.259,-19.065,191.827,70.297,195.27,17.847,79.099,80.519,-6.498,7.169,-15.27,219.721,223.665,1.896,10.331,0.761,2.185,23.337,8.552,23.756,4.478,7.949,31.625,71.369,969.208,20.204,986.607,404.067,411.321,0.77,0.171,34.118,0.069,0.534,2.1,2.138,451.162,982364992,3064.73,71.967,15.952,-8.163,6.408,-17.456,196.384,199.909,0.001,500.001,0.001,0.014,0.017,0.006,0.017,1570000000000,0.198,76.925,0.08,1.061,2.44,0.894,2.484
IND,India,1997,3.312,54.951,8.722,17.209,2.256,9.115,5.563,170.479,,,,0,0,0,0,,69.45,4.614,54.275,77.441,1755.925,325.534,1754.346,1713.907,1712.366,469.154,,325.827,386.895,40.179,70.211,10.072,20.889,0.982,,72.187,0.006,0.988,1.937,3232.3,5.684,92.937,161.703,3006.713,3004.009,386.547,82.467,8.564,8.722,6.631,17.209,214.527,40.143,214.334,214.527,214.334,14.965,1.67,6.028,3.204,195.031,70.148,194.855,17.533,82.259,82.185,3.994,7.063,8.775,228.496,228.291,2.147,19.884,0.865,4.64,27.977,10.063,27.952,4.452,6.918,32.031,67.053,1036.261,20.87,1035.33,413.182,412.81,0.981,0.209,29.825,0.084,0.626,2.727,2.724,468.732,1000899968,3235.209,72.122,15.387,2.106,6.198,4.135,200.519,200.339,0.001,0,0.001,0,0.017,0.006,0.017,1670000000000,0.211,12.48,0.085,0.305,2.744,0.987,2.742
IND,India,1998,-0.61,-10.459,9.744,20.902,-2.501,-10.334,6.027,194.979,,,,0,0,0,0,,66.62,3.327,52.893,58.417,1814.342,330.053,1779.667,1703.448,1670.892,505.078,,336.484,407.697,50.175,83.633,11.371,21.038,1.293,,86.01,0.006,1.079,1.906,3364.631,5.088,92.114,152.971,3159.684,3099.297,399.905,80.72,9.934,9.744,6.863,20.902,235.429,49.216,230.93,235.429,230.93,16.558,19.116,6.773,37.283,232.313,82.034,227.873,19.28,97.381,95.52,18.385,7.886,42.008,270.504,265.334,2.251,12.9,0.921,3.609,31.586,11.154,30.983,4.165,7.107,32.357,73.652,1109.913,20.636,1088.701,402.848,395.149,1.268,0.256,31.667,0.105,0.864,3.59,3.522,495.426,1019484032,3430.188,84.367,17.029,19.15,6.965,38.399,238.918,234.352,0.001,0,0,0,0.017,0.006,0.017,1800000000000,0.214,9.211,0.087,0.253,2.997,1.058,2.94
IND,India,1999,-2.186,-37.242,2.466,5.805,-0.233,-0.941,2.692,92.338,,,,0,0,0,0,,66.763,-0.938,51.024,-17.025,1797.316,352.038,1731.422,1666.206,1605.118,547.362,,365.436,449.247,59.009,82.249,12.728,24.802,1.686,,85.388,0.006,1.446,1.835,3393.381,2.858,92.263,90.299,3249.983,3130.83,432.776,82.075,10.781,2.466,6.848,5.805,241.234,56.846,232.39,241.234,232.39,15.027,-1.654,6.486,-3.842,228.471,79.234,220.095,17.925,98.115,94.518,0.754,7.737,2.039,272.543,262.551,2.325,11.932,1.004,3.769,35.355,12.261,34.059,4.531,9.147,34.391,101.519,1211.433,23.893,1167.018,401.907,387.172,1.624,0.308,30.448,0.133,1.093,4.684,4.512,527.295,1038057984,3522.526,82.257,15.6,-0.724,6.733,-1.73,237.188,228.492,0.001,0,0,0,0.017,0.006,0.016,1920000000000,0.264,34.013,0.114,1.019,4.017,1.393,3.869
IND,India,2000,6.301,104.988,5.137,12.393,-1.3,-5.225,5.208,183.465,0.277,1.275,,0.008,0.288,0.288,0.272,,71.918,6.369,51.587,114.477,1911.793,330.895,1809.423,1771.193,1676.352,486.13,1.347,349.615,395.315,43.139,73.717,14.06,2.56,1.347,0,76.755,0.007,1.684,1.835,3507.548,5.814,92.794,188.96,3438.942,3254.799,374.147,81.319,8.874,5.137,6.844,12.393,253.627,40.83,240.046,253.627,240.046,15.164,-6.394,5.771,-14.609,213.862,69.77,202.411,18.681,90.815,85.952,-2.016,7.206,-5.494,267.049,252.749,2.892,23.889,1.182,8.446,43.801,13.307,41.456,0.527,5.125,34.364,62.09,1273.522,2.423,1205.329,396.682,375.441,1.275,0.277,0,0.126,0,4.684,4.433,460.1,1056576000,3705.991,72.645,15.789,-5.877,6.024,-13.94,223.248,211.294,0.001,16.667,0.001,0.003,0.02,0.007,0.019,2020000000000,0.346,9.405,0.119,0.378,4.394,1.594,4.159
IND,India,2001,1.274,22.565,0.257,0.651,0.038,0.151,0.52,19.277,0.358,1.693,15.85,0.009,0.046,0.333,0.31,,71.964,0.833,51.747,15.934,1927.727,340.273,1793.234,1793.759,1668.612,508.301,1.82,365.794,413.033,44.887,72.96,18.235,2.352,1.82,0,77.033,0.012,2.241,1.741,3465.366,0.686,92.948,23.606,3462.548,3220.975,384.217,81.258,8.831,0.257,6.826,0.651,254.278,41.756,236.537,254.278,236.537,14.354,-7.059,5.336,-15.097,198.765,67.87,184.898,18.742,95.268,88.621,-1.621,7.052,-4.328,262.721,244.391,3.587,19.009,1.399,8.326,52.127,16.963,48.491,0.463,0.551,34.375,7.021,1280.543,2.188,1191.203,396.833,369.147,1.693,0.358,21.923,0.153,1.027,5.71,5.312,472.838,1075000064,3725.269,71.659,15.155,-5.668,5.653,-12.654,210.593,195.901,0.002,56.123,0.001,0.011,0.031,0.011,0.029,2140000000000,0.441,30.939,0.154,1.36,5.754,2.085,5.353
IND,India,2002,4.433,79.514,4.431,11.267,3.116,12.366,4.605,171.559,0.354,1.683,-6.665,0.008,-0.022,0.311,0.285,,73.568,4.447,51.669,85.731,2013.458,349.658,1841.605,1873.273,1713.385,519.639,1.84,382.288,429.603,44.863,67.735,17.76,2.452,1.84,0,72.276,0.014,2.687,1.717,3564.225,5.237,93.509,181.339,3643.887,3332.873,392.935,82.673,8.634,4.431,6.814,11.267,265.544,41.034,242.88,265.544,242.88,13.035,-5.443,4.823,-10.819,187.946,61.954,171.904,17.327,90.036,82.351,-3.723,6.491,-9.78,252.941,231.352,3.418,1.796,1.362,0.936,53.063,16.244,48.534,0.472,6.586,35.026,84.341,1364.885,2.243,1248.389,409.199,374.273,1.683,0.354,2.752,0.151,0.157,5.867,5.367,475.287,1093316992,3896.828,66.107,13.909,-5.088,5.129,-10.716,199.877,182.817,0.003,17.419,0.001,0.005,0.036,0.013,0.033,2270000000000,0.517,-0.645,0.147,-0.037,5.717,2.458,5.229
IND,India,2003,4.349,81.462,7.052,18.725,0.414,1.695,3.845,149.848,0.338,1.676,7.654,0.008,0.024,0.335,0.301,,71.845,4.736,52.112,95.362,2108.82,355.837,1897.234,1954.735,1758.61,550.523,1.863,395.521,448.689,50.438,79.994,16.37,2.729,1.863,0,85.464,0.017,3.59,1.625,3640.659,4.109,93.746,149.712,3793.599,3412.974,403.67,81.502,9.162,7.052,7.025,18.725,284.269,45.378,255.747,284.269,255.747,14.531,0.448,4.665,0.842,188.788,71.968,169.846,18.498,101.834,91.617,0.054,6.254,0.136,253.077,227.685,2.974,-6.858,1.221,-3.639,49.424,14.728,44.465,0.496,2.61,34.609,35.626,1400.51,2.455,1259.992,410.894,369.668,1.676,0.338,25.947,0.183,1.522,7.39,6.648,495.287,1111522944,4046.676,76.889,15.524,1.889,5.033,3.775,203.652,183.219,0.003,22.288,0.001,0.008,0.044,0.015,0.04,2490000000000,0.652,24.114,0.175,1.379,7.096,3.23,6.384
IND,India,2004,7.993,156.238,-1.017,-2.891,2.676,10.996,7.287,294.9,0.323,1.676,14.56,0.009,0.049,0.384,0.34,,70.698,6.388,51.675,134.711,2243.53,367.213,1986.088,2110.973,1868.741,586.74,1.893,414.813,475.687,58.393,89.607,15.044,2.482,1.893,0,96.009,0.019,4.49,1.614,3843.385,5.126,91.857,194.464,3988.063,3530.437,421.103,81.073,9.952,7.888,7.064,22.422,306.692,51.692,271.499,281.378,249.09,15.272,44.301,6.275,83.635,272.423,79.325,241.162,18.927,111.053,98.31,39.686,8.143,100.436,353.513,312.948,2.564,16.421,1.325,8.116,57.54,13.318,50.937,0.423,2.666,33.118,37.331,1437.841,2.197,1272.85,421.89,373.479,1.676,0.323,21.408,0.207,1.582,8.972,7.942,519.412,1129623040,4341.576,84.992,16.363,45.332,6.817,92.32,295.973,262.01,0.003,11.784,0.001,0.005,0.049,0.017,0.044,2690000000000,0.765,99.354,0.326,7.05,14.145,3.975,12.522
IND,India,2005,4.557,96.188,1.331,3.744,-3.881,-16.372,5.971,259.235,0.313,1.676,15.763,0.01,0.06,0.444,0.387,,69.689,9.475,53.384,212.585,2456.115,373.543,2140.2,2207.162,1923.268,615.133,1.923,428.681,491.439,60.53,97.404,17.745,2.227,1.923,0,105.949,0.019,6.603,1.508,4009.038,6.909,92.671,275.555,4263.618,3715.215,428.228,79.891,9.84,11.922,7.461,36.565,343.257,52.745,299.106,285.122,248.448,15.835,-3.808,5.696,-10.375,262.048,84.876,228.342,20.109,123.695,107.785,-4.616,7.329,-16.32,337.193,293.822,2.885,-17.13,1.036,-9.857,47.683,15.463,41.55,0.362,1.836,31.826,26.405,1464.246,1.941,1275.909,405.518,353.359,1.676,0.313,20.976,0.236,1.882,10.854,9.458,536.013,1147609984,4600.812,92.322,17.224,-2.184,6.293,-6.463,289.51,252.272,0.003,-0.633,0.001,0,0.049,0.017,0.043,3050000000000,1.073,13.925,0.35,1.97,16.115,5.754,14.042
IND,India,2006,4.373,96.526,-1.141,-3.253,3.207,13.004,5.115,235.352,0.295,1.672,14.394,0.011,0.064,0.508,0.436,,69.056,3.84,52.737,94.313,2550.428,391.284,2188.296,2303.687,1976.589,660.382,1.949,456.036,519.486,61.326,112.411,17.828,2.125,1.949,0,123.069,0.019,8.69,1.427,4149.482,4.315,91.965,183.975,4447.593,3816.085,445.725,78.664,9.286,4.52,7.419,15.516,358.772,52.618,307.831,281.868,241.846,17.022,14.873,6.224,38.974,301.021,96.45,258.28,21.336,140.896,120.89,15.237,8.035,51.377,388.57,333.397,2.7,-1.163,0.975,-0.554,47.129,15.296,40.437,0.322,5.064,31.81,74.147,1538.393,1.823,1319.959,418.523,359.097,1.672,0.295,37.588,0.309,4.08,14.934,12.813,566.615,1165485952,4836.163,105.594,18.636,17.938,7.06,51.931,341.441,292.96,0.003,-60.649,0,-0.03,0.019,0.016,0.017,3390000000000,1.316,54.875,0.516,8.843,24.958,7.456,21.414
IND,India,2007,6.148,141.624,2.759,7.777,1.099,4.598,8.724,421.927,0.285,1.67,3.276,0.01,0.017,0.525,0.444,,67.658,9.455,53.091,241.145,2791.573,396.686,2359.324,2445.311,2066.677,693.73,1.976,469.363,539.661,67.057,122.407,17.832,3.241,1.976,0,136.238,0.059,11.796,1.402,4443.923,8.68,91.928,386.061,4833.655,4085.208,456.099,77.791,9.666,8.175,7.381,29.331,388.103,56.674,328.009,289.645,244.796,17.645,8.195,6.194,24.67,325.691,103.453,275.261,22.209,154.07,130.213,9.23,8.072,35.865,424.435,358.715,2.57,0.502,0.901,0.237,47.366,15.071,40.032,0.467,7.513,31.456,115.586,1653.979,2.739,1397.876,423.121,357.604,1.67,0.285,31.676,0.374,4.73,19.664,16.619,586.313,1183208960,5258.09,115.143,19.638,10.435,7.171,35.629,377.07,318.684,0.009,714.324,0.003,0.137,0.157,0.05,0.132,3750000000000,1.7,24.338,0.59,6.074,31.032,9.969,26.227
IND,India,2008,8.181,200.045,1.475,4.274,3.71,15.698,5.683,298.808,1.317,7.96,31.872,0.012,0.167,0.692,0.577,,68.117,8.015,54.263,223.748,3015.32,411.57,2511.365,2645.355,2203.233,725.458,9.557,494.16,571.9,73.217,115.006,15.231,4.523,9.557,0,138.327,0.063,13.701,1.295,4628.165,6.53,92.665,315.652,5149.306,4288.694,476.318,78.833,10.093,3.034,7.196,11.774,399.877,60.98,333.045,293.919,244.796,15.853,-6.655,5.471,-21.673,304.018,95.785,253.207,21.167,153.558,127.893,-3.968,7.335,-16.844,407.592,339.47,2.099,-15.117,0.724,-7.16,40.205,12.685,33.486,0.623,4.845,31.206,80.13,1734.109,3.767,1444.285,438.819,365.479,7.96,1.317,24.871,0.442,4.891,24.555,20.451,604.211,1200669952,5556.898,115.208,19.068,-2.568,6.611,-9.683,367.386,305.984,0.009,6.116,0.003,0.01,0.166,0.052,0.139,4290000000000,1.889,22.307,0.683,6.922,37.955,11.411,31.611
IND,India,2009,8.169,216.11,22.993,67.581,0.542,2.379,7.596,422.092,1.53,9.811,-68.302,0.004,-0.473,0.219,0.18,,68.411,8.316,54.626,250.755,3266.075,438.663,2682.11,2861.465,2349.843,780.83,11.947,534.172,628,89.609,106.188,16.816,4.22,11.947,0,136.014,0.075,17.804,1.311,4909.964,8.408,93.365,432.949,5582.255,4584.164,515.715,80.427,11.476,22.808,8.213,91.204,491.081,73.587,403.277,361.5,296.865,13.599,-8.238,4.666,-25.044,278.973,87.202,229.094,19.573,152.83,125.504,-2.664,6.635,-10.857,396.735,325.8,2.154,9.728,0.738,3.911,44.117,13.809,36.229,0.54,5.247,30.525,90.99,1825.099,3.465,1498.776,441.198,362.313,9.811,1.53,24.383,0.511,5.987,30.542,25.081,641.219,1217725952,5978.99,111.695,17.419,-4.02,5.898,-14.768,352.618,289.571,0.01,18.313,0.003,0.03,0.197,0.062,0.162,4560000000000,2.28,12.466,0.714,4.731,42.686,14.621,35.054
IND,India,2010,2.559,73.233,31.201,112.793,8.611,37.993,4.787,286.212,1.781,11.888,-48.688,0.002,-0.107,0.113,0.091,,66.801,3.401,53.903,111.068,3377.143,445.976,2736.122,2934.698,2377.658,824.026,14.673,550.459,655.12,101.516,111.378,23.082,3.144,14.673,0,145.824,0.113,19.66,1.226,5075.993,4.493,93.103,250.818,5833.073,4725.888,530.77,79.502,12.32,20.065,9.411,98.535,589.617,82.247,477.701,474.292,384.266,13.516,1.635,4.526,4.562,283.535,90.237,229.717,20.498,168.906,136.846,8.921,6.897,35.394,432.128,350.105,2.801,36.419,0.961,16.067,60.183,18.701,48.76,0.382,2.258,29.789,41.215,1866.314,2.547,1512.065,479.191,388.235,11.888,1.781,22.035,0.595,6.73,37.272,30.198,667.616,1234280960,6265.202,118.145,17.697,5.481,5.937,19.327,371.945,301.345,0.014,49.742,0.005,0.098,0.295,0.092,0.239,5110000000000,2.386,18.844,0.81,8.044,50.73,15.928,41.101
IND,India,2011,-0.659,-19.336,-9.479,-44.958,3.902,18.697,5.878,368.262,1.951,14.102,627.121,0.012,0.706,0.819,0.655,,66.212,4.907,53.409,165.701,3542.844,478.645,2833.622,2915.362,2331.753,903.829,17.631,598.444,696.984,96.592,131.633,32.224,1.949,17.631,0,174.621,0.827,24.53,1.168,5305.549,4.562,91.946,266.133,6099.206,4878.241,557.459,77.115,10.687,2.246,9.088,13.243,602.859,77.256,482.176,429.334,343.388,14.564,20.376,5.145,57.772,341.308,105.282,272.983,22.885,206.844,165.437,23.634,8.054,102.129,534.258,427.308,3.565,38.753,1.259,23.323,83.506,25.773,66.79,0.216,4.672,29.449,87.189,1953.503,1.559,1562.442,497.888,398.219,14.102,1.951,19.15,0.669,7.138,44.41,35.52,722.896,1250288000,6633.464,139.664,19.32,21.188,6.795,78.806,450.751,360.518,0.091,627.396,0.032,1.849,2.143,0.661,1.714,5680000000000,2.714,22.357,0.936,11.342,62.072,19.619,49.646
IND,India,2012,1.744,50.85,-13.196,-56.656,-0.774,-3.851,5.163,342.49,2.15,16.222,-22.147,0.009,-0.181,0.637,0.504,,70.763,8.324,55.014,294.917,3837.761,534.012,3031.933,2966.213,2343.387,955.218,20.533,675.941,753.481,75.184,115.655,33.14,2.356,20.533,0,168.598,2.29,30.12,1.163,5511.19,5.986,92.666,365.122,6464.328,5106.992,595.27,78.88,7.871,-7.608,7.984,-45.868,556.991,59.397,440.038,372.679,294.426,12.108,-12.627,4.275,-43.096,298.212,91.37,235.596,21.12,201.738,159.378,-4.236,7.334,-22.632,511.626,404.198,3.469,2.22,1.224,1.853,85.36,26.181,67.437,0.247,5.942,29.667,116.073,2069.576,1.861,1635.02,494.037,390.303,16.222,2.15,15.628,0.736,6.94,51.35,40.568,754.648,1265779968,6975.954,133.197,17.65,-5.432,6.111,-24.485,426.266,336.762,0.24,152.271,0.078,3.263,5.407,1.809,4.271,6000000000000,3.153,13.836,1.013,8.588,70.66,23.796,55.823
IND,India,2013,0.267,7.906,-16.649,-62.047,-0.183,-0.906,3.837,267.648,2.324,18.229,17.67,0.01,0.113,0.75,0.586,,72.744,6.908,56.641,265.095,4102.856,570.684,3203.249,2974.119,2322.003,1004.83,23.349,730.956,779.089,46.185,131.616,33.465,1.949,23.349,0,192.275,4.14,33.17,1.174,5655.344,3.282,92.171,212.173,6676.501,5212.588,608.263,77.534,4.596,-11.993,6.767,-66.798,490.193,36.058,382.712,310.632,242.521,13.098,13.311,4.665,39.696,337.909,102.757,263.818,22.466,225.74,176.244,10.843,7.829,55.474,567.1,442.756,3.33,-0.097,1.177,-0.083,85.277,26.128,66.579,0.194,0.67,28.763,13.876,2083.452,1.522,1626.627,493.131,385.006,18.229,2.324,12.072,0.794,6.199,57.549,44.931,784.507,1280841984,7243.602,150.116,19.135,13.033,6.652,55.557,481.823,376.177,0.412,62.569,0.121,3.383,8.789,3.232,6.862,6170000000000,3.301,8.727,1.061,6.166,76.826,25.897,59.981
IND,India,2014,5.367,159.607,-5.498,-17.079,-1.955,-9.639,6.844,495.759,2.316,19.717,-14.067,0.008,-0.105,0.644,0.497,,74.721,9.854,58.237,404.285,4507.141,636.132,3478.803,3133.726,2418.743,1103.007,25.545,824.173,869.198,43.185,130.328,34.747,1.84,25.545,0,199.063,5.85,37.34,1.178,5973.568,6.887,92.208,459.778,7136.279,5508.084,670.884,78.803,3.915,-1.056,6.267,-5.177,485.016,33.332,374.356,293.552,226.576,11.816,4.683,4.571,15.825,353.733,100.593,273.026,21.197,233.81,180.464,6.345,7.792,35.981,603.081,465.484,3.15,3.512,1.141,2.995,88.272,26.819,68.132,0.167,2.912,27.704,60.671,2144.123,1.42,1654.925,483.493,373.18,19.717,2.316,9.121,0.811,5.249,62.798,48.47,851.348,1295601024,7739.36,153.645,18.047,6.846,6.652,32.986,514.809,397.351,0.53,42.138,0.161,3.704,12.493,4.515,9.643,6570000000000,3.385,10.821,1.1,8.314,85.14,28.821,65.715
IND,India,2015,4.288,134.379,-4.13,-12.124,-1.125,-5.439,3.263,252.54,1.469,12.78,81.234,0.015,0.524,1.168,0.891,,76.514,1.994,57.521,89.886,4597.026,665.506,3508.774,3268.106,2494.448,1139.551,16.743,871.914,912.811,40.515,132.26,38.153,0.383,17.019,0.275,188.587,6.566,32.741,1.13,6099.98,3.582,92.492,255.618,7391.897,5642.015,696.722,80.103,3.555,-1.432,5.982,-6.947,478.069,30.924,364.896,281.428,214.806,11.606,-4.681,4.219,-16.56,337.173,100.95,257.354,19.897,226.74,173.064,-0.51,7.508,-3.078,600.003,457.965,3.348,9.784,1.213,8.637,96.909,29.121,73.968,0.034,8.054,28.989,172.679,2316.802,0.292,1768.346,478.053,364.884,12.99,1.493,4.005,0.817,2.515,65.313,49.852,869.785,1310151936,7991.9,143.943,16.549,-2.276,6.295,-11.715,503.094,383.997,0.576,32.966,0.208,4.118,16.611,5.012,12.679,7070000000000,2.873,-2.715,1.036,-2.312,82.828,24.991,63.22
IND,India,2016,1.032,33.728,-5.545,-15.605,-2.305,-11.021,4.507,360.17,1.279,11.819,64.27,0.023,0.751,1.919,1.449,,76.482,1.856,56.062,85.336,4682.363,706.848,3535.147,3301.834,2492.859,1224.126,15.655,936.233,986.76,50.212,128.611,37.884,0.315,15.863,0.208,199.483,11.556,43.453,1.105,6305.748,4.591,92.567,339.351,7731.248,5837.032,744.996,80.609,4.102,6.242,6.081,29.841,507.91,37.909,383.468,265.823,200.695,10.506,-4.247,3.866,-14.32,322.853,97.1,243.752,19.391,237.367,179.21,3.47,7.433,20.819,620.822,468.716,3.095,-1.656,1.141,-1.604,95.305,28.602,71.954,0.026,9.676,30.423,224.173,2540.975,0.238,1918.417,467.032,352.606,11.977,1.296,-4.447,0.747,-2.904,62.409,47.119,924.206,1324516992,8352.07,150.608,16.296,4.457,6.292,22.423,525.517,396.761,0.944,74.946,0.348,12.45,29.061,8.725,21.941,7560000000000,3.55,31.93,1.308,26.447,109.275,32.806,82.502
IND,India,2017,0.846,27.922,4.18,11.11,0.534,2.495,4.214,351.979,1.048,10.068,-38.47,0.014,-0.738,1.181,0.882,,75.672,3.563,55.712,166.81,4849.173,726.791,3622.362,3329.756,2487.348,1285.739,13.478,972.939,1023.443,50.256,135.865,38.438,0.249,13.819,0.34,223.857,21.545,52.629,,6501.978,3.758,92.161,290.514,8021.763,5992.306,764.519,79.6,3.909,5.797,6.174,29.446,537.356,37.542,401.408,276.933,206.871,10.567,5.195,3.902,16.772,339.625,101.492,253.702,20.4,262.295,195.936,9.9,7.839,61.464,682.286,509.672,2.99,-1.856,1.075,-1.768,93.536,28.714,69.872,0.019,3.71,30.276,94.259,2635.234,0.186,1968.536,469.527,350.74,10.323,1.075,0.178,0.718,0.111,62.52,46.703,960.455,1338676992,8704.049,167.223,17.411,12.032,6.764,63.233,588.75,439.8,1.676,85.34,0.619,24.801,53.861,16.094,40.235,,4.093,20.396,1.512,22.288,131.562,39.314,98.278
IND,India,2018,6.776,225.635,-0.718,-1.989,-2.201,-10.335,6.278,546.457,1.181,11.938,10.325,0.014,0.122,1.302,0.963,,74.915,6.305,55.726,305.738,5154.911,757.559,3810.994,3555.39,2628.478,1367.832,16.148,1024.706,1075.177,50.257,141.331,38.12,0.213,16.562,0.414,254.535,36.331,60.311,,6838.842,5.959,91.885,478.046,8499.809,6283.857,794.872,78.604,3.674,8.106,6.28,43.558,580.914,37.155,429.466,274.944,203.264,10.332,2.183,3.752,7.414,347.039,104.485,256.564,21.396,292.655,216.358,10.027,8.115,68.41,750.697,554.985,2.787,3.763,1.049,3.52,97.056,28.182,71.753,0.016,4.886,29.879,128.75,2763.984,0.158,2043.397,459.193,339.478,12.244,1.211,4.135,0.704,2.585,65.105,48.132,1011.229,1352642048,9250.506,188.176,18.609,11.022,7.066,64.891,653.641,483.233,2.656,67.647,0.976,36.436,90.297,26.859,66.756,,4.409,13.935,1.62,18.334,149.896,44.588,110.817
IND,India,2019,-0.538,-19.114,-2.138,-5.878,-5.218,-23.959,2.275,210.478,1.065,10.743,-0.541,0.014,-0.007,1.295,0.948,,72.454,0.336,54.669,17.312,5172.223,730.771,3785.242,3536.276,2587.99,1378.174,14.68,998.538,1046.627,47.98,161.741,45.163,0.108,15.063,0.383,286.385,46.273,63.308,,6923.931,1.331,91.037,113.153,8612.962,6303.314,765.964,75.943,3.481,2.736,6.308,15.895,596.809,35.114,436.769,269.066,196.913,11.736,15.483,4.236,53.731,400.77,118.369,293.3,24.057,331.548,242.64,12.965,8.963,97.325,848.021,620.616,3.277,15.226,1.182,14.777,111.833,33.052,81.844,0.008,2.892,30.06,79.946,2843.931,0.079,2081.303,435.234,318.522,11.023,1.093,-3.581,0.664,-2.331,62.774,45.941,1008.604,1366418048,9460.984,209.588,20.78,12.629,7.781,82.548,736.188,538.772,3.358,26.88,1.211,24.272,114.569,33.864,83.846,,4.594,4.592,1.657,6.884,156.78,46.332,114.738
IND,India,2020,,,,,,,,,1.071,10.415,,,,,,,70.563,,,,,686.181,,,,1341.967,14.373,946.932,999.177,52.112,163.514,44.548,0.133,15.584,1.211,298.242,58.729,60.415,,,,,,,,724.039,74.456,3.883,,,,,37.762,,,,12.185,,,,,118.488,,25.544,342.79,248.398,,,,,,3.32,,,,,32.281,,0.01,,,,,0.096,,,,11.293,1.161,,,,,,972.437,,,216.116,22.224,,,,,,4.376,,,,,42.557,,,4.502,,,,,43.779,
